"NR_CNPJ_EMPRESA","NM_EMPRESA"
"04942645000102","J.J. Coelho"
"02170847000140","DATA CONTROL - Instituto de Pesquisa Ltda"
"68802370000186","IBOPE INTELIGÊNCIA PESQUISA E CONSULTORIA LTDA."
"07596217000155","FONTE REAL  GGE LTDA ME"
"08984712000102","F. FAÇANHA DE ALMEIDA"
"10595124000110","IBRAPE PESQUISA LTDA"
"12503801000159","GAZETA DE ALAGOAS LTDA"
"03568752000141","EMPRESA DE PESQUISAS TÉCNICAS- EIRELI"
"05207553000133","TELES CONSULTORIA E ASSESSORIA EMPRESARIAL S/S"
"13912963000103","Pedro Henrique de Souza Mendonça Lobo"
"86849395000117","Sensus Data World Pesquisa e Consultoria S/C Ltda"
"09283689000183","PROMÍDIA PESQUISAS DE OPINIÃO PÚBLICA E MARKETING"
"00852501000104","VOX OPINIÃO PESQUISA E PROJETOS LTDA"
"14101311000151","SAMUEL ALMEIDA DA SILVA"
"13934779000164","francisco manoel santos 10078926416"
"01864538000107","IPEN INSTITUTO DE PESQUISA DO NORTE LTDA"
"06023655000161","A F SOARES MARKETING E PESQUISAS DE MERCADO LTDA"
"84480946000192","D M Duarte"
"66990367000108","DataPress Instituto de Pesquisa, Comunicação e Publicidade Ltda."
"10572939000184","INSTITUTO PREVISÃO"
"10601194000134","N M MARANHÃO-ME"
"03079221000195","DMP DESIGN MARKETING E PROPAGANDA LTDA"
"04816658000127","EDITORA ANA CASSIA LTDA"
"39253182000148","GPP PLANEJAMENTO E PESQUISA LTDA"
"10795444000114","Censusdata Ltda ME"
"07317438000147","DOXA COMUNICAÇÃO INTEGRADA S/S LTDA"
"83582734000153","Bureau de Marketing e Pesquisa Ltda."
"05706042000166","Ecos Serviços Ltda"
"08263490000120","R.C.G.C.Lopes ME - Mentor Pesquisas"
"02911405000107","Garanti Sociedade Civil Ltda"
"08210871000141","ANCORA PESQUISA E MARKETINK LTDA ME"
"15299211000144","CONSULTE - CONSULTORIA, SELEÇÃO E OPINIÃO PÚBLICA"
"16730633000195","JADER DA SILVA CEDRAZ"
"09315824000125","Instituto Soma de Pesquisa de Opinião Pública"
"05357278000134","CAMPUS CENTRO DE ESTUDOS E PESQUISA DE OPINIÃO LTDA"
"40645707000170","Instituto de Estudos Pesquisas e Desenvolvmiento Municipal"
"12019687000196","SECULUS ANALISE E PESQUISA DE OPINIÃO LTDA"
"16096182000186","P&A - Instituto de Pesquisa e Anal Soc e Economica Ltda."
"16502103000190","A B SANTOS"
"05949626000162","IBEL - INSTITUTO BAIANO DE ESTATÍSTICAS LTDA"
"08691707000101","COMPET CONSULTORIA, MARKETING, PESQUISAS E TREINAMENTOS LTDA"
"34367987000107","Opinião. Marketing, Publicidade, Promoções e Serviços LTDA"
"03688568000135","TECNODADOS Projetos e Pesquisas LTDA"
"08624076000108","Jornal O Eco Ltda"
"13273587000154","GASPARETTO PESQUISAS E ESTATÍSTICAS LTDA-ME"
"04061427000150","Folha Regional S/C LTDA"
"02424348000131","Economic Cat Administração Pública, Empresarial e Marketing Ltda"
"09607039000146","BRAPEG - BRASIL PESQUISA E GESTÃO LTDA"
"09042642000128","Carlos Farani Paranhos de Azevedo"
"03896981000195","COOPERFIL - PRODUTOS E SERVIÇOS DE COMUNICAÇÃO LTDA"
"05643737000146","Eleva Tecnologia LTDA"
"07118724000183","INSTITUTO COMPASSO CONSULTORIA  EMPRESARIAL  E GOVERNAMENTAL  LTDA"
"08326128000151","Consultoria e Capacitação Pedagógica LTDA"
"12032011000132","AMPLA - PROJETOS E CONSULTORIA"
"04583866000123","DATAQUALY PESQUISA DE MERCADO E OPINIÃO LTDA."
"06029551000164","BABESP - BAHIA, PESQUISA E ESTATÍSTICA LTDA ME"
"08719751000174","INSTITUTO DE DESENVOLVIMENTO DA EDUCAÇÃO E DA SAÚDE PÚBLICA"
"03127178000196","JRM CONSULTORIA EMPRESARIAL LTDA"
"14874771000112","JAILSON ARAUJO MANGABEIRA"
"09087858000100","Opinião Pesquisas e Marketing Ltda"
"11661310000173","SIST-Sistema Compasso de Consultoria e Pesquisa LTDA."
"03556888000131","Larcerte Consultoria Empresarial Treinamentos e Eventos Ltda EPP"
"05771708000160","IPESQ-PROJETOS E PESQUISAS LTDA"
"12265777000167","INSTITUTO DE PESQUISA INSIGHT LTDA - ME"
"02794806000124","Quattuor Desenvolvimento Empresarial LTDA"
"01076070000196","MS CONSULTORIA MARKETING E PESQUISA LTDA"
"42686865000101","OBJETIVA EMPREENDIMENTOS E PUBLICIDADES LTDA - ME"
"13902575000141","MEIRE JAIANE CRUZ DA SILVA"
"09355787000189","INSIGHT CENTRO DE DESENVOLVIMENTO E REPRESENTAÇÕES LTDA"
"15444186000145","S F DOURADO MORENO ME"
"33855115000117","HOJECOMUNICAÇÕES PESQUISA E JORNALISMO LTDA"
"08483085000118","Alcance Saude e Comunicação LTDA"
"08155662000142","IPEDES - Instituto de Pesquisas e Ensino para o Desenvolvimento Social Ltda"
"02220072000170","CARVALHO & BOLDI LTDA"
"13312392000176","HS Comunicação"
"08077867000157","ANALÍTICA PESQUISAS DE OPINIÃO PÚBLICA  E DE MERCADO LTDA - DATASURVEY"
"10314774000140","MERCCATO CONSULTORIA EMPRESARIAL LTDA"
"09026259000186","Potencial Consultoria e Pesquisas Ltda"
"14572086000131","INSTITUTO PLANTER - OBSERVATÓRIO DO COMPORTAMENTO & TENDÊNCIAS"
"14505177000154","INDAP - INSTITUTO NACIONAL DE DESENVOLVIMENTO EM ADMINISTRAÇÃO PUBLICA"
"01338700000153","INSTITUTO GAUSS DE PESQ SOCIAIS E DE ECON E DE OPINIAO PUB LTDA"
"03042232000109","DR8 Consultoria e Assessoria"
"01403730000104","EPP - EMPRESA DE PESQUISA E CONSULTORIA LTDA"
"05046125000176","Ordileia Santana Pedreira"
"08543953000108","APROVE PROJETOS E PESQUISAS LTDA"
"13296309000112","FLEX CONSULT DESENVOLVIMENTO EMPRESARIAL LTDA"
"05371569000187","Vanessa e Andressa Publicidade Ltda."
"04898810000168","EXACTA INSTITUTO DE PESQUISA E CONSULTORIA LTDA"
"07827817000187","Datasensus Pesquisa e Consultoria S/S Ltda."
"08797064000177","ZAYTECBRASIL SERVIÇO DE PESQUISA LTDA-EPP"
"03846350000161","ADHEMAR BARROS FERNANDES - ME"
"09269398000130","INSTITUTO ANÍSIO TEIXEIRA DE EDUCAÇÃO E PESQUISAS LTDA."
"03245449000108","Veritas Instituto de Pesquisas e Representações Ltda."
"07617985000148","IPEP - INSTITUTO DE PESQUISAS SOCIAIS CONSULTORIA E MARKETING LTDA"
"12319674000132","ALVO PESQUISA E CONSULTORIA LTDA"
"07630546000175","DATAFOLHA INSTITUTO DE PESQUISAS LTDA."
"10477437000174","Mercadologica: Solucoes em Pesquisa, Comunicacao e Marketing LTDA"
"13430414000100","ALENCAR CONSULTORIA EMPRESARIAL LTDA"
"10956929000142","DATAVOX PESQUISA DE OPINIÃO PÚBLICA E ESTATISTICA LTDA."
"09116552000134","Merita Comércio & Serviços ltda"
"15563771000164","I.VILANDER DE N. RIBEIRO - ME  INSTITUTO CREDIBILIODADE"
"07844700000101","IPESES - Instituto de Pesquisas e Estatísticas do Espírito Santo LTDA ME"
"14602960000136","SOLUCAO TREINAMENTO MARKETING E PESQUISAS LTDA - ME"
"28500023000184","ENQUET PESQUISAS DE OPINIÃO PÚBLICA LTDA."
"05140977000128","INSTITUTO VASCONCELOS &SOUZA"
"08438497000136","BR MARKETING E PESQUISAS LTDA"
"03622028000159","Gualberto, Orrico e Caliman Ltda"
"08289540000149","LOGOS CONSULTORIA E PESQUISA"
"03624338000102","AMOSTRAS COMPANHIA DE OPINIAO PUBLICA,MERCADO E COMUNICACAO LTDA - ME"
"05234994000124","EDITORA LEIA TUDO LTDA"
"06056026000138","Wagner Luís dos Santos"
"00565157000164","FLEXCONSULT LTDA."
"15426716000122","ICAPES - INSTITUTO CAPIXABA DE PESQUISA E ESTATÍSTICA LTDA"
"02728098000123","VISÃO EMPRESARIAL EMPREENDIMENTOS CONS.E PARTICIPAÇÕES LTDA"
"13966378000196","EDSON DE SOUZA BASTOS 00787081760"
"10175843000182","Instituto de Pesquisas Perfil"
"08810547000164","LEVANT & CONSULT LTDA - ME"
"00654576000172","INSTITUTO VERITA LTDA - EPP"
"13805175000118","Cerrado Pesquisas e Consultoria"
"05281052000105","Vega Pesquisa e Comunicação Ltda"
"15484760000199","GK DE OLIVEIRA PRODUÇÕES ME"
"14853122000135","EBRAP  Empresa Brasileira de Pesquisa Ltda"
"06288268000157","PODIUM CONSULTORIA, MARKETING E PESQUISA LTDA"
"01414620000130","Parlamento Papéis e Pesquisas Ltda."
"03455994000129","CLASS MARKETING ASSESSORIA E PESQUISA LTDA - ME"
"15612495000187","IDEP BRASIL LTDA"
"11171368000139","IGOPPE - INSTITUTO GOIANO DE PUBLICIDADE E PESQUISA LTDA"
"33403221000160","Ernando Ferreira Gomes Lopes DADOSFOLHA"
"15135413000150","Adelice Camelo Pinto ME"
"10791900000158","SILVANDETH VIEIRA DA SILVA"
"06972255000100","INSTITUTO NEROPOLINO DE PESQUISA-LTDA"
"73726325000120","Vivaldo Ribeiro de Souza"
"14433837000139","IPCM - INSTITUTO DE PESQUISA, COMUNICAÇÃO E MARKETING LTDA"
"10892284000121","T R DE SOUSA JUNIOR"
"03303870000128","EXATA OP OPINIÃO PÚBLICA LTDA"
"15015873000145","Diagnóstico Pesquisas de Comportamento Eirele"
"25022229000158","EDIMAR DIVINO GOVEIA COMUNICACAO E CIA LTDA"
"06271706000174","ACCESS PROJETOS DESENVOLVIMENTO DE SISTEMAS CONSULTORIA E PESQUISAS LTDA"
"02678167000131","SERPES - PESQUISAS DE OPINIÃO E MERCADO LTDA"
"00654576000172",",INSTITUTO   VERITÁ   LTDA  epp"
"07364626000126","SIGMA CONSULTORIA E PESQUISAS LTDA"
"01096445000180","GRUPOM CONSULTORIA EMPRESARIAL LTDA"
"05850850000100","Fortiori Pesquisa Diagnóstico e Marketing Ltda"
"02203834000120","Empresa de Pesquisa de Opinião e Mercado Ltda"
"00568270000101","ALMEIDA & PERES LTDA"
"07277330000178","ASB IPERSENA PUBLICIDADES LTDA - ME"
"00135114000149","CENTRO BRASILEIRO DE PESQUISA LTDA."
"16459004000172","IPEP - INSTITUTO DE PESQUISAS, EVENTOS E PUBLICIDADE - EIRELI"
"13630671000188","INSTITUTO SER COMPLETO LTDA"
"00396079000111","INTELLIGENCE PESQUISA"
"07183186000100","ADEMIR BATISTA CARNEIRO"
"09688704000173","Penachiotti e Farnochi LTDA"
"08761309000106","INSTITUTO DE PESQUISA E MARKETING LTDA -ME"
"03989742000180","Edir de Paiva Bueno"
"00850844000121","Dados Pesquisa Opinião e Mercado Ltda"
"03011668000122","MARK INSTITUTO DE PESQUISA E OPINÃO LTDA"
"00945330000150","Instituto Verus Assessoria e Pesquisa de Marketing Ltda - EPP"
"07397712000135","INSTITUTO CALCULUS DE JORNALISMO E PESQUISA  LTDA"
"00640214000122","DOZE COMUNICAÇÃO E DIFUSÃO LTDA"
"01465988000127","Fundação Integrada Municipal de Ensino Superior"
"09599855000155","CONSTAR SOLUÇÕES ORGANIZACIONAIS SOCIEDADE CIVIL LTDA"
"15580172000159","Meirilane Oliveira Caetano ME"
"13105186000195","INSTITUTO NACIONAL DE SELEÇÃO,PESQUISA E EDUCAO-INASPE"
"02348509000155","sonia maria silva lima"
"11773197000118","Instituto de pesquisa de opinião publica Brasileira"
"01217178000151","R N BRITO LIMA"
"05083409000132","MONDEGO E SILVA LTDA"
"14266926000138","Rafaela Cantanheide Lemos Gomes - INOP"
"63581458000100","Lino Emiliano Praseres Silva"
"10892795000143","ESCUTEC - PESQUISA DE MERCADO E OPINIÃO PÚBLICA LTDA"
"11159115000140","ECONOMETRICA PESQUISA E ENGENHARIA LTDA"
"10273033000169","GÊNESIS PESQUISAS LTDA - ME"
"05833992000151","M.M MACHADO"
"08057107000188","INSTITUTO JALES DE PESQUISA"
"00905916000190","M.R .Borges Serviços"
"10320257000184","INSTITUTO PIAUIENSE DE OPINIÃO PÚBLICA LTDA."
"09255395000148","INTELIGENTE CONSULTORIA E SERVIÇOS LTDA"
"12142535000186","INSTITUTO FOCO CONSULTORIA LTDA"
"14717260000197","C M ALBUQUERQUE JUNIOR"
"15492196000156","EDIVAN LOPES COELHO JUNIOR"
"11267907000138","Regional Mídias Associadas Ltda"
"10590815000121","Gabriel & Gabriel, Consultoria, Projetos e Serviços - LTDA"
"13206947000103","Jairo Soares de Sousa"
"10818753000162","CONSTAT PESQUISAS LTDA"
"67662494000140","Instituto de Pesquisa Realidade"
"07742623000189","Full Marketing e Pesquisa S/S Ltda"
"14931054000185","Rose Mary Moreno de Araujo"
"09045102000106","CIPEC-CENTRO INTEGRADO DE PESQUISA E COMUNICAÇÃO LTDA"
"09636807000190","Instituto de Pesquisa dataAZ Ltda"
"11186543000161","RÓGÉRIO M P MOURA"
"09629388000169","IPNE - INSTITUTO DE PESQUISAS DO NORDESTE LTDA ME"
"07174779000100","PREMIUM SOLUÇÃO EM GESTÃO LTDA EPP"
"23297294000160","Panorama Comunicação, Pesquisa e Assessoria LTDA- ME"
"01269029000136","BOAS & BOAS CONSULTORIA E PESQUISA LTDA"
"08182687000135","Luciana Aparecida Martins ME"
"14543704000115","VISÃO PESQUISA DE OPINIÃO PÚBLICA E MARKETING"
"10962375000277","TELESCÓPIO PESQUISA INTELIGÊNTE DE OPINIÃO PÚBLICA"
"08488158000164","Preview Consultoria de Marketing, Pesquisa de Mercado e de Opinião Pública Ltda"
"11047803000118","Sinfor - Consultoria e Pesquisa Rio Preto LTDA"
"07854132000120","STRATEGYA COMUNICAÇÃO PUBLICIDADES E EVENTOS LTDA"
"10335763000147","PRAXIS PESQUISA E MERCADO LTDA"
"22642565000105","CP2 CONSULTORIA, PESQUISA E PLANEJAMENTO LTDA."
"09656847000101","PROMÍDIA PESQUISA INTELIGENTE"
"06154093000195","Multidados comunicação Ltda"
"08695087000170","i9 AGENCIA DE ASSESSORIA & CONSULTORIA POLITICA E SOCIAL LTDA"
"03866435000101","IPO - INSTITUTO DE PESQUISA DE OPINIÃO E  ASSESSORIA LTDA"
"09028982000102","Instituto Ver Pesquisa e Comunicação Ltda"
"08581382000104","Instituto de Pesquisa Soberano Ltda."
"19090489000168","MDA PESQUISA DE OPINIÃO PÚBLICA E CONSULTORIA ESTATÍSTICA LTDA"
"02221552000155","Cenário Pesquisa e Consultoria Rural e Urbana Ltda"
"09065585000100","Sophos Consultoria Marketing e Pesquisa LTDA"
"01955100000134","Pedro Paulo Perroni da Silva ME"
"14026979000181","Instituto de Pesquisas e Sistemas de Marketing Ltda"
"13697928000119","Pedro Nery Neto ME"
"07241393000174","RESULTADO PESQUISA E ASSESSORIA LTDA"
"02795923000102","AURELIO HENRIQUE SALLES - ME - BPJ COMUNICAÇÃO"
"03341593000148","ContraPonto Comercial Ltda"
"05394365000161","DataMG Instituto de Pesquisas Ltda"
"09314666000199","URBANDATA - PESQUISA & MARKETING"
"07671455000188","BPC- Eventos  Culturais e   Artisticos LTDA"
"14205224000144","CP - CAMPOS & PENIDO CONSULTORIA E PESQUISA LTDA"
"04896763000113","Giga Consultoria ltda"
"10962375000358","JOYCE DE ALMEIDA LUCAS - ME"
"13655801000137","PSQ COMUNICAÇÃO E PESQUISA LTDA"
"09376087000170","INSTITUTO INNOVARE - PESQUISA DE MERCADO E OPINIÃO LTDA"
"08704586000187","agencia press consultoria em informação"
"05321031000168","COMPLETA Consultoria Política Ltda"
"08098290000160","MACHADO PUBLICIDADE E PRODUCOES LTDA"
"07268073000108","SP - SEBRAM PESQUISAS - SERVICOS DE PESQUISAS DE OPINIAO PUBLICA, JORNALISMO, CONSULTORIA E ASSESSORIA S/S LTDA"
"05328816000162","J M LEAL INFORMACAO PRIVILEGIADA LTDA"
"86420387000150","Empop Publicidade Pesquisa e Marketing"
"07633363000103","Confact Consultoria e Empreendimentos LTDA"
"06299925000161","ALPEP PROMOÇÕES, EVENTOS E PESQUISAS LTDA"
"65237786000100","DIVIDADOS INSTITUTO DE PESQUISA OPINIÃO E MERCADO LTDA"
"08451753000125","M&D Comunicação e Arte Ltda."
"10962375000196","MIDIA PESQUISA DE OPINIÃO PÚBLICA E MARKETING"
"04061708000103","TABULARE PESQUISA & CONSULTORIA LTDA"
"08894976000167","INPAC Instituto de Pesquisas Aplicadas e Consultoria Ltda"
"10173519000125","GRM - AGENCIA DE PESQUISA DE OPINIÃO PUBLICA E MERCADO LTDA"
"13697811000135","Instituto de Pesquisa Plurimus"
"09178870000120","FLUX SOFTWARES - CONSULTORIA E DESENV SIST COMPUT E HARDWARES, COM SOFTWARES E EQUIP INFORMATICA LTDA - ME"
"08253732000103","REDE PESQUISA DE OPINIÃO E PLANEJAMENTO S/S LTDA"
"13681522000148","SARIMA CONSULTORIA ESTATÍSTICA E DEMOGRÁFICA LTDA"
"00743579000182","VISAO PESQUISA DE OPINIAO E MERCADO LTDA"
"02866959000130","Polis Pesquisa Ltda"
"21677703000129","Instituto Fides de Pesquisa de Mercado e Opinião Ltda"
"07139172000190","E-Fato Comunicações e Eventos Ltda"
"06316975000100","Secullus Consultoria e Treinamento Ltda"
"13110920000104","Agência de Publicidade, Pesquisas e Mídia Iquegami Ltda"
"16733806000129","CARMEN SILVIA BONFA PESQUISAS - ME"
"01783776000198","Indice Pesquisas do Brasil"
"04227786000135","Arnaldo Alves Pereira CPF 74840886687 ME"
"09412335000191","Posicione Pesquisa de Mercado Ltda Me"
"16479691000198","PLOMÍDIA PESQUISA DE MERCADO LTDA"
"10425289000144","Idealis Pesquisa e Comunicação Ltda"
"06118009000188","INSTITUTO DE CONSULTORIA,PESQUISA,OPINIAO E MARKETING LTDA"
"09434008000130","PERFIL PESQUISAS DE OPINIÃO PÚBLICA E CONSULTORIA LTDA"
"11258796000101","Diretriz  Consultoria e Pesquisas  Ltda"
"10322552000170","Instituto Meta, Pesquisa e Serviços LTDA"
"31223860000118","RETRATO CONSULTORIA E MARKETING LTDA"
"07338902000181","CASA DA PESQUISA - OPINIÃO PUBLICA, PLANEJAMENTO E MARKETING LTDA"
"05633719000183","Instituto Olhar Pesquisa e Informação Estrategica"
"11707992000108","ENCUESTA PESQUISAS DE MERCADO E DE OPINIAO PUBLICA LTDA"
"09644353000107","Dinamica  Pesquisa e Consultoria  Empresarial  LTDA"
"01839311000101","Portal Assessoria e Pesquisa LTDA"
"10518097000182","Identifica Empresa de Comunicação Ltda"
"02943355000140","Ibrape Instituto Brasileiro de Pesquisas de Opinião Pública"
"06270812000133","A. F. Barbosa CIA & LTDA - ME"
"03683644000110","CONPAR - CONSULTORIA, PESQUISA E PARTICIPACOES S/S LTDA"
"10383383000188","R & A Editora Jornalistica Ltda  (Sensor Pesquisas )"
"36781946000180","IPEMS - Instituto de Pesquisas de Mato Grosso do Sul LTDA"
"70363106000135","Referencial Pesquisas de Opinião e Mercado Ltda"
"12784563000105","ARBEIT PESQUISAS DE MERCADO E OPINIAO PUBLICA LTDA"
"97551208000130","HASSESSIAN BARBOSA & GOMES LTDA - ME"
"05752257000113","Ippeese - Instituto Paranaense de Pesquisas e Estudos Socioeconômicos"
"09263232000107","Jet Publicidade e Pesquisa Fernandopolis Ltda"
"06026300000126","ATLAS ASSESSORIA E PLANEJAMENTO LTDA"
"13102873000157","VALE CONSULTORIA E ASSESSORIA LTDA."
"14255299000130","W E MENDONÇA - CONSULTORIA ME"
"08769469000100","TELEVOX - INSTITUTO DE PESQUISA DE OPINIÃO PÚBLICA E MERCADO LTDA"
"03490620000144","Tendencia Pesquisa de Mercado Ltda."
"10408737000100","D. HERLEMANN - ME"
"11400305000107","Voice Pesquisas e Comunicação LTDA ME"
"13672664000149","Qualidados Projetos e Pesquisas Ltda-ME"
"05023065000176","GAZETA DADOS LTDA"
"10607783000120","M G DA SILVA ME"
"16704032000108","ANDRE LUIZ FERREIRA TORRES"
"09359124000132","IGPE - INSTITUTO GLOBO PREMIERE DE ESTATISTICAS LTDA - ME"
"13317420000148","Reinaldo Ribeiro-ME"
"05260271000108","INSTITUTO TECNOLOGICO DA INFORMACAO"
"07202498000114","KGM Assessoria Institucional Ltda"
"03973340000197","REAL DADOS E PESQUISAS LTDA"
"12365452000156","IMADI - INSTITUTO MATO-GROSSENSE DE PESQUISA LTDA"
"11100635000187","MT DADOS ASSESSORIA E MARKETING LTDA"
"14853589000185","CHOCOLATE PRODUÇÕES E EVENTOS LTDA ME"
"09078182000198","CABIANCHI & SOUZA LTDA ME"
"07385910000189","Rosy Paula Resplande Benício ME (Centro Oeste Pesquisas)"
"14591203000104","ANA CLAUDIA DA SILVA ME"
"14697514000152","JOÃO ALEX DE ALMEIDA ME"
"00081933000150","VETOR ASSESSORIA E PESQUISA DE MERCADO E DE OPINIAO PUBLICA LTDA-EPP"
"04996040000196","ANGULO PESQUISAS UMUARAMA LTDA"
"15194353000147","Opinion Maker Pesquisa de Mercado LTDA"
"16696328000124","Quintino Gestão de Projetos: Planejamento, Pesquisa e Marketing"
"12942931000198","politeia consultoria ltda"
"10288989000134","W N S Consultoria e Assessoria Empresarial Ltda"
"13098271000173","PAULO RICARDO DAL POZO GOMES"
"03311703000129","INSTITUTO DE PESQUISA SOCIAL E DESENVOLVIMENTO HUMANAS LTDA"
"14569635000119","A. B. FIGUEIREDO PROCESSAMENTO DE DADOS"
"09448219000122","Guilherme Umbelino da Silva - Consultorias"
"13311731000108","Ariane Terezinha Lima dos Santos e Cia. Ltda"
"03770346000167","OPEM-Opinião Pública & Mercado SS LTDA"
"15422597000130","VEIGA CONSULTORIA E PESQUISA LTDA - EPP"
"05255333000185","VCHA Serviços Ltda."
"04717077000138","ACERTAR LTDA"
"09472061000126","DESTTAQ PESQUISA GESTÃO E MERCADO"
"15625079000113","M.D.R. DE ARAÚJO PESQUISA DE OPINIÃO PUBLICA"
"08286287000170","Análise Pesquisa de Mercado Ltda"
"11849437000110","IPESPE  INSTITUTO DE PESQUISAS SOCIAIS POLÍTICAS E ECONÔMICAS"
"08545655000157","S. R. DO L. VIEIRA - ME"
"04216356000118","Alvo Marketing e Publicidade Ltda"
"03724595000116","CONTEXTO - Instituto de Pesquisa de Mercado e Opinião LTDA ME"
"08097343000128","MARCIA CRISTINA FERNANDES CHAVES"
"15022191000160","J. G. PINHEIRO PESQUISA DE MERCADO, CONSULTORIA E CURSO DE ESTATÍSTICA"
"05251388000117","INSTITUTO POLIS DA AMAZÔNIA"
"04913376000148","Dinâmica Brasil Serviços e Promotora de Eventos ltda."
"05137235000143","visao - instituto de pesquisa e opiniao publica ltda"
"08528140000149","GS - GLOBAL SERVICE ASSESSORIA E CONSULTORIA EM TELECOMUNICAÇÃO LTDA"
"00794068000270","Virtu Analise e Estratégia LTDA"
"04843093000177","CONSULTORIA E PESQUISA TECNICA LTDA"
"14474981000113","Alfa Soluções Empresariais LTDA"
"13358105000169","6 Sigma Pesquisa e Consultoria Estatística Ltda"
"04894292000104","IP4 - Instituto de Pesquisa Quatro Ltda"
"04994119000188","Opinião Pesquisas Sociais Ltda."
"09546952000180","METANALISE ESTATISTICAS LTDA - EPP"
"09170122000109","FRANCISCO VIRGULINO DE AMORIM"
"07781580000140","INPPE - Instituto Patoense de Pesquisa e Estatística Ltda"
"15775816000164","ETICOVOX INTELIGÊNCIA EM PESQUISAS"
"10828442000184","Olho D água dos Bredos Ltda"
"16458013000149","jose patrocinio da silva junior"
"69944171000175","IPEC - INSTITUTO DE PESQUISAS CIENTÍFICAS DE PERNAMBUCO"
"06003967000103","INSTUTUTO CIDADANIA NORDESTE"
"09219131000139","MÉTODO PESQUISA E CONSULTORIA TDA"
"11009156000150","CENTRO DE RELAÇÕES PÚBLICAS DE PERNAMBUCO"
"09340786000160","INSTITUTO PONTE DO DESENVOLVIMENTO - IPD"
"74331356000144","A. C. Pesquisas e Representação Comercial Ltda"
"09410774000165","juliana bezerra de andrade"
"05424036000116","Associação de Pesquisa e Intervenção Social"
"05460612000180","KATIA & EMANUEL COMUNICAÇÃO LTDA"
"07661823000107","Brasil Data Pesquisa, Consultoria e Serviços Ltda EPP"
"13807655000118","Instituto de Pesquisa Maurício de Nassau"
"24578338000193","APROJEPLAM"
"14919619000109","CLEIDE DA SILVA FRANÇA"
"00377711000180","Jacqueline de souza freire-me"
"01503056000121","DATACERTO LTDA ME"
"11716486000185","INSTITUTO CAPTAVOX LTDA."
"08811188000160","TEMPUS CONSULTORIA E EMPREENDIMENTOS LTDA"
"16603571000150","RUAN RIBEIRO FEITOSA CIPRIANO BORGES 02484851308"
"15293191000102","W J MENDES PESQUISAS - EIRELI"
"09339033000135","SDS SERVICOS DE PESQUISA LTDA - ME"
"04914964000104","REAL PESQUISAS LTDA"
"10171274000105","PHD COMUNICAÇÃO S/S LTDA."
"10340949000194","OPINIAO PESQUISA E ASSESSORIA LTDA"
"11114729000105","DNA Pesquisa e Marketing Ltda-ME"
"07871966000143","AP PESQUISAS LTDA - ME"
"13456969000113","E.C. Evidência Comunicação Ltda"
"11077892000145","ZAJ SOCIAL ENGINEERING LTDA ME"
"00481961000165","Radar Inteligência Ltda."
"05751811000148","bela bartok escola de musica assessoria, treinamento e pesquisa ltda"
"00359184000180","E. M. DOS SANTOS JUNGES & CIA LTDA"
"04453641000152","DataSonda Pesquisas"
"07278993000107","glauco vital da silva - instituto de pesquisa visão"
"11371501000109","INSTITUTO PORTINARI MULTICULTURAL LTDA"
"03989764000140","DATACENSO PESQUISAS E TENDENCIAS MERCADOLOGICAS LTDA"
"07331137000178","Visão Pesquisas de Opinião S/S LTDA"
"01408365000112","Dataconsulte Pesquisas, Consultoria e Planejamento Ltda."
"09304509000100","INCAPEL - INSTITUTO DE CADASTRO E PESQUISAS S/S LTDA"
"10175063000132","IRG  CONSULTORIA E PRESTAÇÃO DE SERVIÇO LTDA"
"02364672000101","GRÁFICA E EDITORA VALENTE FARTURA LTDA - ME"
"81273419000119","INSTITUTO EXATTA PESQUISAS S/S LTDA"
"04982801000150","A.R. DE MOURA & CIA LTDA."
"00115187000179","IMAGEM PESQUISA E CONSULTORIA LTDA"
"84782101000151","INSTITUTO BRASIL DE PESQUISAS S/S LTDA."
"15644394000198","BRASLOPES PESQUISAS LTDA"
"06956108000139","Maria Aparecida dos Santos Bertol"
"10213851000176","L DAMAS BOBERG PESQUISAS, CONSULTORIA E PLANEJAMENTO"
"09256171000150","IPC - Instituto de Pesquisa Catarinense"
"13641227000168","Gomes e Lima Consultoria e Pesquisa LTDA"
"09185766000162","Alô-Brasil Pesquisas Consultoria e Marketing LTDA"
"06195852000168","Data Vox Brasil Assessoria e Pesquisa Ltda - ME"
"09249695000114","VALOR PESQUISAS E CONSULTORIA LTDA."
"05266474000101","SOUZA LOPES CONSULTORIA E PESQUISA LTDA"
"06859792000130","ROBERTO LORENZZON"
"02295493000160","CENTRAL DE PESQUISAS E MARKETING LTDA"
"11167150000100","Mapear Instituto de Pesquisa LTDA"
"08956501000158","SLH CONSULTORIA E PESQUISA LTDA-ME"
"13320517000100","AGENCIA MIND PESQUISAS SS LTDA"
"04967411000101","IBPS CONSULTORIA E PESQUISA LTDA"
"03480760000131","ONG ORGANIZAÇÃO NÃO GOVERNAMENTAL VIDA BRASIL"
"05939922000263","GERP SERVIÇOS DE MARKETING SÃO PAULO LTDA"
"02486450000161","Jose Marcos dos Santos M.E. (IGUAPE)"
"07177197000188","R M MARIATH - SERVIÇOS DE PROPAGANDA E MARKETING"
"06116089000132","Jornal do Grande Rio e Serviços Ltda"
"00866217000189","Agência Orbe de Pesquisa e Comunicação Ltda."
"11007468000124","IPPECET - Instituto de Planejamento, Pesquisa, Comunicação, Estudos Sociais e Tecnológicos"
"10472104000152","Agência Kapta"
"01286233000165","Precisão Tecnologia e Consultoria LTDA ME"
"04852765000100","Correio Fluminense LTDA ME"
"10683261000107","Ulrich Pesquisa e Marketing Ltda"
"10760183000105","GEORGE DE OLIVEIRA LEITE"
"10848432000100","Instituto Informa - Pesquisa de Opinião Pública LTDA"
"13475743000160","Ideia Inteligência em Pesquisa Ltda"
"10634717000149","ORBITAL SUL SERVIÇOS DE PESQUISAS LTDA"
"16684996000131","JOÃO CARLOS MEDEIROS DA SILVA ME"
"40808743000107","MARCIA CÂMARA DE FIGUEIREDO"
"10307514000148","ERIVALDO TRINDADE DE ARAUJO ME"
"05752322000100","Start Pesquisa e Consultoria Técnica LTDA."
"03127619000150","CERTUS PESQUISA E CONSULTORIA LTDA"
"03427023000175","carlos magno machado"
"04959873000187","SMART - PESQUISA E COMUNICACAO LTDA - ME"
"02503309000120","Comunicare Organizações Ltda ME"
"09635819000108","PRPL Serviços de Consultoria Ltda-ME"
"04804931000101","PÚBLICA SERVIÇOS LTDA - EPP"
"06934246000117","NOSSA FOLHA PUBLICAÇÕES LTDA"
"11565915000160","INSTITUTO DE PESQUISA CALEFFI LTDA  EPP"
"84051663000125","Flavio Rabello"
"15625058000106","SOUSA & LUCENA LTDA - ME"
"10905523000130","Fanieli Abreu"
"10735713000157","INDEX Instituto de Pesquisas LTDA"
"08617948000100","Instituto Holus"
"14661047000100","IPESA - INSTITUTO DE PESQUISA SOCIAL E ACESSIBILIDADE LTDA - ME"
"94908951000107","DIRCEU F.M GOMES ME"
"07389024000123","PONTUAL DADOS E CONSULTORIA LTDA ME"
"12329007000130","Vitoria Pesquisas Ltda"
"72113046000128","STUDIO PESQUISAS E CONSULTORIA LTDA"
"09328809000111","INSTITUTO LJM LTDA"
"00853528000103","Instituto Methodus Análise de Mercado Sociedade Simples Limitada"
"00980143000107","POLIS EMPRESA DE PESQUISA E CONSULTORIA MUNICIPAL LTDA"
"06014909000185","KEPELER CONSULTORIA LTDA"
"06195029000152","Vértice Produtora de Eventos, Marketing e Pesquisas LTDA"
"85250702000186","Instituto Catarinense de Pesquisas Ltda"
"12910814000142","REAL SUL PESQUISA E PLANEJAMENTO LTDA"
"07318001000128","CASA BRASIL EDITORES LTDA"
"13483729000108","Foco Pesquisas e Serviços"
"16828207000199","InPro Instituto de Pesquisas e Projetos Sociais"
"02525612000123","ROTHER E CAMPOS LTDA. ME"
"09043510000110","INSTITUTO NACIONAL DE SOCIOLOGIA E PESQUISA LTDA"
"93807485000100","BUREAU ESCRITÓRIO DE POESQUISAS MERCADOLÓGICAS LTDA."
"07910717000110","NG MARKETING E COMUNICAÇÃO LTDA"
"06083776000107","MICHELE FATIMA FARIAS E CIA LTDA"
"02457254000169","Mara Terezinha Baierle"
"15791024000183","Cláudio Roberto dos Santos - Coleta"
"95438412000114","Associação Pró-Ensino em Santa Cruz do Sul"
"08537916000197","Ruan Pesquisa de Mercado e Assessoria em Gestão Empresarial Ltda"
"11572949000182","BZN PESQUISA DE MERCADO E MERCHANDISING LTDA - ME"
"82883901000133","VORTEX PESQUISAS CONSULTORIA E SISTEMAS LTDA/ME"
"12896144000157","Elvinede Ivete Recalcati"
"73331514000101","Plano Pesquisas Ltda."
"07911066000182","Infra Consultoria Pesquisa e Marketing Ltda ME"
"83203646000101","MAPA MARKETING E PARTICIPAÇÕES LTDA"
"11524371000199","RR8 Consultoria Pública Ltda"
"14565072000190","NOAU PESQUISA E PROJETOS"
"84307974000102","FUNDAÇÃO UNIVERSIDADE DO VALE DO ITAJAÍ"
"05590702000196","ACCORD CONSULTORIA LTDA"
"04611126000153","Instituto de Pesquisa Assessoria e Consultoria LTDA."
"02603313000160","Sintese Pesquisas e Assessoria Ltda"
"05787083000124","luiz antonio paludo"
"83067108000129","HGS PESQUISA E ASSESSORIA LTDA"
"14346094000160","Felipe Onisto"
"15836399000112","Axioma Serviços de apoio administrativo LTDA"
"05643471000131","Diagrama Publicidade Ltda"
"15581821000136","IPEX - Instituto de Pesquisas LTDA"
"01326246000110","Terbuss Publicidade Pesquisa Marketing Editora e Treinamento Ltda ME"
"95796587000101","França & França Consultoria LTDA"
"01120038000160","On Line Informações de Mercado Ltda"
"01144174000190","IVES - INSTITUTO DE VALORIZACAO A VIDA E ESTUDOS SOCIO-ECONOMICO, SINDICAIS, POLÍTICO E AMBIENTAL DE SANTA CATARINA"
"08255393000196","FOCO OPINIAO E MERCADO LTDA ME"
"15602816000162","Central de Informações Comerciais Ltda. - DATAFORM"
"15016444000192","CONSULT - COMUNICAÇÃO, CONSULTORIA E PESQUISA LTDA"
"03817479000141","ÚNICA - Unidade de Informação, Pesquisa e Consultoria"
"12451031000148","ANDRÉA P. P. GUIMARÃES - PESQUISAS DE MARKETING (ME)"
"01123812000197","CEPECEM - CENTRO DE PESQUISAS, CONSULTORIA E ESTUDOS DE MERCADO"
"08405176000135","A. M. REY EDITORA LTDA ME"
"15032554000148","M A O SILVA PESQUISAS DE MERCADO - ME"
"09169108000187","Édison Lourenço Gomes"
"03042195000120","UP - UNIDADE DE PESQUISAS S/C LTDA"
"13807582000164","IQuesty Pesquisas e Opinião LTDA"
"73988917000110","OPINIÃO PESQUISA ANÁLISE E CONSULTORIA LTDA"
"09470150000133","IPAT - INSTITUTO DE PESQUISAS A TRIBUNA LTDA"
"11490462000150","José Norberto Prates"
"96508015000134","Limite Consultoria e Pesquisas de Marketing Ltda"
"08145759000174","TOLEDO CAMPOS   EDITORA E COMUNICACAO   LTDA"
"08213867000137","CW7 INSTITUTO DE PESQUISAS LTDA EPP"
"06236709000177","RAPHAEL FERREIRA DE BARROS FILHO - ME"
"04116046000121","Statsol Consultoria Estatística e Pesquisa de Mercado LTDA"
"02456213000158","DATAVALE, PESQUISAS, COMUNICAÇÕES E SISTEMAS S/C LTDA"
"13619980000157","R7MP AGENCIA DE PUBLICIDADE E MARKETING LTDA."
"14280999000184","ALEXANDRE SOCRATES NAVISKAS - ME"
"71604227000194","PRÓPESQUISA SERVIÇOS DE TELEADENTIMENTO LTDA"
"11262311000145","F.L.S.PESQUISA ASSESSORIA E MARKETING LTDA"
"03549154000125","Millenium Pesquisas, Publicidades S/C Ltda"
"61466926000161","Editora Fartura Ltda"
"07421264000168","Editora Vieira Aires Ltda"
"10727557000182","ROCHA & ORTENSE PESQUISA E CONSULTORIA LTDA. - ME"
"07013973000104","In-Data Marketing S/S Ltda"
"05123359000170","INSTITUTO DE PESQUISA E MARKETING PAULISTA INFORMATICA - IPEMPI"
"09334545000109","ANDREIA RAFAEL PUBLICIDADE, PESQUISA E NOTÍCIAS ME"
"09630378000143","AGENCIA J. AD DE PUBLICIDADE E PESQUISA LTDA"
"08716449000162","Memento Consultoria, Assessoria de Imprensa e Tradução Ltda"
"12034597000174","Renata Marzola Cruz ME"
"03155494000171","MAS  OPINIÃO E  PESQUISA S/C  LTDA ME"
"60249448000175","Engracia Garcia Consultoria e Pesquisa"
"62292602000117","ENFOQUE ASSESSORIA DE COMUNICAÇÃO INTEGRADA LTDA"
"57541377000175","DIARIO DO GRANDE ABC SA"
"16623147000178","DGABC PESQUISAS LTDA"
"01200109000135","QUALITE VIE - GESTAO DE NEGOCIOS E SERVICOS DE APOIO A SAUDE,ESPORTE E QUALIDADE DE VIDA LTDA. - ME"
"04155770000164","Scenso - Pesquisa de Opinião e de Mercado SC/LTDA"
"05104718000141","Instituto Kairós - IK"
"06104274000107","INSTITUTO REGIONAL PAULISTA DE PESQUISA LTDA - ME"
"10673919000108","BRANDÃO & COSTA PRESTAÇÃO DE SERVIÇOS DE DIGITAÇÃO LTDA ME"
"13004769000120","GQuest Pesquisas de Mercado Ltda."
"43455062000109","Toledo & Associdos Pesquisa de Mercado e Opinião Pública Ltda"
"10220195000139","INSTITUTO DE PESQUISAS DE MERCADO E OPINIÃO INFOCORREIO LTDA"
"04782083000179","EXACTUS - SOLUÇÕES EM DADOS S/C LTDA."
"05358902000118","INSTITUTO DE PESQUISA SOROCABANO LTDA."
"05034275000160","IMPACTO PESQUISA, ASSESSORIA DE COMUNICACAO E MARKETING LTDA"
"13768347000120","PRISCILA REGINA VASQUEZ"
"01314654000152","CL PESQUISA CONSULTORIA E ASSESSORIA ORGANIZACIONAL LTDA"
"60005196000139","OESTECOM PROPAGANDA E MARKETING"
"12312607000196","INSTITUTO DE PESQUISAS PHD LTDA"
"02789166000164","M R COMUNICACAO E MARKETING LTDA"
"12330462000156","Quanty Instituto de Pesquisas de Opinião Pública Ltda"
"14275315000156","ERICA REGINA ANALISE E PESQUISA LTDA ME"
"00334806000116","JCK Propaganda Marketing e Design Ltda"
"48989156000173","José & Souza Ltda."
"64613466000145","O.T.COMERCIAL PESQUISAS E PROMOCOES S/S"
"13865288000109","FABRICIO ATHAYDE DOS SANTOS MEI"
"13546441000135","Abreu & Odahara Ltda ME"
"01291832000177","SYNMATEC INFORMÁTICA LTDA"
"11085848000187","BRAZCOMM COMUNICAÇÃO E PLANEJAMENTO LTDA"
"11015874000139","NewSense Pesquisa, Consultoria, Marketing, Recursos Humanos e Representações LTDA"
"65503302000128","Data Kirsten Pesquisas, Projetos e Projeções LTDA"
"03207709000150","Maria Candida Gutieres dos Santos ME"
"00561773000147","IOPEQ - Instituto de Opinião Pública, Estatística e Qualidade Ltda ME."
"09597283000175","W S EDITORA GIRASSOL LTDA - ME"
"09492534000157","Dilson Craveiro dos Sanots"
"33640228000103","JORNAL PORTO NEWS LTDA"
"09597283000175","WS EDITORA GIRASSOL LTDA"
"06175359000186","MIRANDA, MIRANDA & COELHO LTDA"
"14311388000156","INSTITUTO VALFAL DE PESQUISAS DE OPINIÃO E MERCADO LTDA"
"14085358000179","SANTIAGO & LIMA LTDA"
"14888537000144","VOZ E PESQUISA TOCANTINS LTDA ME"
"15400529000170","IPETO LTDA"
"10501739000130","M A R DA ROCHA - MARKETING"
"86951993000100","Promotion-Editora Eventos E Promoções LTDA"
"08691707000101","COMPET CONSULTORIA, MARKETING, PESQUISAS E TREINAMENTOS LTDA - ME"
"03397255000128","GRUPO DE PESQUISA MARKETING SAO JUDAS TADEU LTDA"
"09282211000139","INSTITUTO DATAVOX DE PESQUISA E CONSULTORIA ESTRATÉGICA EM COMUNICAÇÃO LTDA  ME"
"04816658000127","EDITORA ANA CASSIA S.A."
"03079221000195","DMP DESIGN MARKETING E PROPAGANDA LTDA - ME"
"13768347000120","PRISCILA REGINA VASQUEZ 73652393287"
"84480946000192","DD MIDIA E PESQUISA LTDA - EPP"
"14614894000114","ERIC LIMA BARBOSA - ME"
"10730923000152","ALDOUS J R SANTANA - ME"
"06023655000161","A F SOARES MARKETING E PESQUISAS DE MERCADO LTDA - EPP"
"14627220000154","B.S.LEÃO CAVALCANTE"
"14794597000106","DATAPOP Pesquisa Sociais e de Opinião Ltda"
"10730923000152","ALDOUS J R SANTANA"
"19423911000150","Associação Amazonense de Gestão Ambiental da Amazonia - Jornal Novo Iranduba."
"20252668000133","Instituto ARTHUR OLIVEIRA OLIVEIRA -  M.E"
"08977267000145","R G C BORGES - ME"
"18886742000121","DADO PESQUISA E CONSULTORIA LTDA"
"04206810000150","Institiuto Brasileiro de Gestão Social e Pesquisa"
"17695761000108","INSTITUTO PONTUAR LTDA"
"15096871000128","Ápice Instituto de Pesquisas"
"18237296000124","INCOPE - Instituto Catarinense de Opinião Pública e Estatística"
"04483758000189","O&P BRASIL OPINIAO, ANALISE, ESTRATEGIA S/S LTDA"
"20087150000191","SEKEFF & SEKEFF LTDA - ME"
"19190101000109","OPINAR PESQUISAS LTDA"
"07217379000135","VOX DATA PESQUISA ASSESSORIA E PUBLICIDADE LTDA - ME"
"20507961000102","INFO - INSTITUTO DE PESQUISA FOLHA DA MANHÃ"
"02501289000158","OPINIAO CONSULTORIA LTDA - EPP"
"20240913000192","MA+ CONSULTORIA E SERVICOS"
"09122202000180","ETAPA - EMPRESA TÉCNICA DE CONSULTORIA, PESQUISA E ASSESSORIA - EIRELI"
"04362689000155","ST Pesquisa de Mercado Ltda."
"09509214000162","CT ASSESSORIA, CONSULTORIA, PROJETOS E PARTICIPAÇÕES LTDA - ME"
"04603737000150","EXPERTISE INTELIGENCIA E PESQUISA DE MERCADO LTDA"
"02002581000126","parce processamento de dados ltda"
"11077560000160","IPRI INSTITUTO DE PESQUISA DE REPUTACAO E IMAGEM L TDA"
"04970294000135","L A PESQUISA DE OPINIÃO MERCADOLÓGICA ASSESSORIA & MARKETING"
"81908345000140","INSTITUTO PARANÁ DE PESQUISAS E ANÁLISE DE CONSUMIDOR LTDA"
"13481009000103","Wanda Martins Vieira"
"02675828000175","EPSOM-EMPRESA DE PESQUISA SOCIAL, OPINIÃO E DE MERCADO"
"10275628000153","Axiomas Brasil Pesquisas, Cursos e Consultoria LTDA ME"
"04355189000196","centro automotivo hyllus ltda me"
"16769294000150","LEON ALVES CORREA"
"19799000000121","F.A.N.TEIXEIRA"
"09242998000105","Meta Publicidade e pesquisa"
"03781208000183","PRÊMIO LIDERES DE MERCADO S/C LTDA - PERSPECTIVA PESQUISA"
"04756345000120","Lopes e Faleiro Ltda"
"10783981000144","Seta Instituto de Pesquisa LTDA - ME"
"19079814000191","AREVAL & CIA LTDA - ME"
"04558809000194","MC - Consultoria em Pesquisa e Recursos Humanos Ltda."
"20018384000187","Amostra Instituto de Pesquisa Ltda -EPP"
"01648876000101","PADRÃO PESQUISAS CIENTÍFICAS"
"14888537000144","VOZ E PESQUISA TOCANTINS EIRELI"
"86951993000100","PROMOTION EDITORA EVENTOS PROM. E REPRESENTACOES LTDA"
"17590594000130","JORNAL CORREIO DO POVO TOCANTINENSE EIRELI - ME"
"10501739000130","M A R DA ROCHA - MARKETING - ME"
"17590594000130","JORNAL CORREIO DO POVO TOCANTINENSE EIRELI"
"15612495000187","IDEP BRASIL LTDA - ME"
"04942645000102","J J COELHO - ME"
"02170847000140","DATA CONTROL INSTITUTO DE PESQUISA LTDA - ME"
"02503309000120","COMUNICARE ORGANIZACOES LTDA - ME"
"08984712000102","F. FACANHA DE ALMEIDA - ME"
"68802370000186","IBOPE INTELIGENCIA PESQUISA E CONSULTORIA LTDA"
"10222379000138","E. S. DE MORAIS CONSULTORIA LTDA - ME"
"81908345000140","INSTITUTO PARANA DE PESQUISAS E ANALISE DE CONSUMIDOR LTDA - EPP"
"07768330000170","INSTITUTO VOZES DE PESQUISAS E CONSULTORIA ESTRATEGICA LTDA  - ME"
"09040566000111","INSTITUTO EXATTA - PESQUISAS DE OPINIAO E MERCADO EIRELI  - ME"
"03397255000128","GRUPO DE PESQUISA MARKETING SAO JUDAS TADEU LTDA - ME"
"22866169000161","CICERA LILIAN ALVES LOPES & CIA LTDA - ME"
"20128172000152","METTA PESQUISA E CONSULTORIA EMPRESARIAL ROSA LTDA - ME"
"24096881000154","IGOR NICASTRO DE ALMEIDA - ME"
"15063483000140","THIAGO VINICIUS MOTTA AQUINO"
"12875063000170","DINEY MATOS DA SILVA 79880215249"
"10711360000155","TACUTU SERVICOS DE PESQUISAS ESTATISTICAS LTDA  - ME"
"22267969000166","M P VALIN & CIA LTDA - ME"
"13475743000160","IDEIA INTELIGENCIA EM PESQUISA LTDA"
"01864538000107","IPEN - INSTITUTO DE PESQUISA DO NORTE LTDA - ME"
"05706042000166","ECOS SERVICOS LTDA - ME"
"18365789000140","MENTOR INTELIGENCIA, PESQUISAS E TECNOLOGIA LTDA  - ME"
"20256017000111","GUINA SERVICE PONTO COM EIRELI - ME"
"07317438000147","DOXA ARTE & COMUNICAO S/S LTDA"
"10340949000194","OPINIAO PESQUISA E ASSESSORIA LTDA - ME"
"05643737000146","ELEVA TECNOLOGIA E COMUNICACAO LTDA - ME"
"08989649000199","NAFONTE PESQUISAS DE OPINIAO E TECNOLOGIA LTDA"
"16096182000186","P & A PESQUISA E ANALISE SOCIAL E ECONOMICA LTDA - EPP"
"12032011000132","TOP PROJETOS E CONSULTORIA LTDA - ME"
"13273587000154","GASPARETTO PESQUISAS E ESTATISTICAS LTDA - ME"
"11535761000164","LM SUDOESTE COMUNICACAO LTDA. - ME"
"08624076000108","PLATAFORMA 4 COMUNICACAO E MARKETING FUUL SERVICE LTDA-ME  - ME"
"16176992000142","JOAO GONCALVES DE SOUZA DE IRECE - ME"
"22865656000100","IINMEC ESTUDOS E CONSULTORIA LTDA - ME"
"08210871000141","ANCORA PESQUISAS E PUBLICIDADE LTDA  - ME"
"04061427000150","FOLHA REGIONAL LIVRAMENTO LTDA  - ME"
"03688568000135","TECNODADOS PROJETOS E PESQUISAS LTDA - ME"
"02424348000131","ECONOMIC CAT ADMINISTRACAO PUBLICA, EMPRESARIAL E MARKETING LTDA"
"15444186000145","S F DOURADO MORENO - ME"
"15299211000144","EMANUEL BATISTA DA ROCHA - ME"
"11661310000173","SIST - SISTEMA COMPASSO DE CONSULTORIA, PESQUISA E PLANEJAMENTO LTDA - ME"
"09042642000128","CARLOS FARANI PARANHOS DE AZEVEDO - ME"
"04483758000189","O&P BRASIL OPINIAO, ANALISE, ESTRATEGIA S/S LTDA - EPP"
"14030361000195","BIS COMUNICACAO E ASSESSORIA LTDA - ME"
"05949626000162","IBEL - INSTITUTO BAIANO DE ESTATISTICAS LTDA - ME"
"06029551000164","BABESP - BAHIA, PESQUISA E ESTATISTICA LTDA - ME"
"21649194000120","PAINEL BRASIL CONSULTORIA E PESQUISA DE MERCADO E OPINIAO LTDA - ME"
"34367987000107","OPINIAO - MARKETING, PUBLICIDADE, PROMOCOES E SERVICOS LTDA - ME"
"10175843000182","INSTITUTO DE PESQUISAS PERFIL LTDA - ME"
"14874771000112","JAILSON ARAUJO MANGABEIRA - ME"
"03556888000131","LARCERTE CONSULTORIA EMPRESARIAL, TREINAMENTOS E EVENTOS LTDA - ME"
"05357278000134","CAMPUS CENTRO DE ESTUDOS E PESQUISAS DE OPINIAO LTDA"
"03303870000128","EXATA OP OPINIAO PUBLICA LTDA"
"08977889000173","NUNO RICARDO NUNES AFONSO ROCHA - ME"
"20139257000136","NEOCOM SERVICOS DE COMUNICACAO E MARKETING LTDA - ME"
"12126257000173","DIEGO ALVES DE OLIVEIRA 08597857692"
"24994195000109","BRUNOW PESQUISA DE OPINIAO E DESENVOLVIMENTO DE SISTEMAS LTDA - ME"
"11849437000110","IPESPE INST DE PESQUISAS SOCIAIS POLITICAS E ECONOMICAS"
"23598309000120","ELLUS PESQUISA E CONSULTORIA LTDA - ME"
"23937801000183","JOSE RICARDO ROCHA DE SOUZA - ME"
"19291367000130","FLEX CONSULTORIA E ASSESSORIA EMPRESARIAL LTDA - ME"
"15602816000162","CENTRAL DE INFORMACOES COMERCIAIS EIRELI - EPP"
"22198794000182","MARIA EDNA DE B C FALABELLA & CIA LTDA - ME"
"01403730000104","E P P EMPRESA DE PESQUISA E CONSULTORIA LTDA - ME"
"04583866000123","DATAQUALY PESQUISA DE MERCADO E OPINIAO LTDA - EPP"
"21552341000140","IGOR PEREIRA PONTES 06043511517"
"06309509000105","ELAINE CRISTINA ARAUJO DA SILVA - ME"
"23191866000122","GRADUX BRASIL EIRELI - EPP"
"20650562000198","N P MARINHO - CONSULTORIAS - ME"
"15426716000122","ICAPES - INSTITUTO CAPIXABA DE PESQUISA E ESTATISTICA LTDA"
"03622028000159","ORRICO & CALIMAN LTDA"
"27205697000193","PR NET INFOR COMERCIO E SERVICOS EM PROJETOS E TECNOLOGIA DA INFORMACAO LTDA"
"24899123000174","WILLAN DE FRANCA SILVA - ME"
"13478933000130","IDHATA INSTITUTO  DE PESQUISA E INTELIGENCIA DE MARKETING LTDA  - ME"
"00410677000106","INSTITUTO NOBRE"
"17110229000181","AMPLA OPINIAO CONSULTORIA PESQUISA E PROJETOS LTDA  - ME"
"08797064000177","ZAYTECBRASIL SERVICO DE PESQUISA LTDA - ME"
"22675543000141","ESTIMATIVA EDITORA E COMUNICACAO LTDA - ME"
"03245449000108","VERITAS INSTITUTO DE PESQUISAS & REPRESENTACOES LTDA - ME"
"15563771000164","I. VILANDER DE N. RIBEIRO - ME"
"24700209000126","ARTUR EMILIO CAVALCANTE SAMPAIO - ME"
"21844272000148","PASSOS DE SA SOLUCOES INTELIGENTES LTDA - ME"
"09629388000169","IPNE - INSTITUTO DE PESQUISAS DO NORDESTE LTDA - ME"
"41296914000129","RECORDE ASSESSORIA E SERVICOS LTDA  - ME"
"10956929000142","DATAVOX PESQUISAS DE OPINIAO PUBLICA E ESTATISTICAS LTDA"
"09170122000109","FRANCISCO VIRGULINO DE AMORIM - ME"
"00852438000106","VOX MERCADO PESQUISAS E PROJETOS LTDA"
"09636807000190","INSTITUTO DE PESQUISA DATA AZ LTDA - ME"
"16832655000166","JOSE SERGIO MARTINS JUVENCIO 03258000301"
"08438497000136","BR MARKETING E PESQUISAS LTDA - ME"
"28500023000184","ENQUET PESQUISAS DE OPINIAO PUBLICA LTDA"
"17417139000138","AGESP - APOIO EM GESTAO E SAUDE PUBLICA LTDA - ME"
"39795414000190","FUTURA PESQUISA LTDA - EPP"
"08289540000149","LOGOS CONSULTORIA E PESQUISA LTDA - ME"
"00565157000164","FLEXCONSULT LTDA - EPP"
"14205224000144","CP CAMPOS & PENIDO CONSULTORIA E PESQUISA LTDA."
"22091058000120","ECO TREINAMENTOS E SERVICOS LTDA - ME"
"21968114000108","JESUINA OLIVEIRA XAVIER 02005589780"
"13159802000190","CEDEMP - CENTRO DE DESENVOLVIMENTO EMPRESARIAL E POLITICO LTDA - ME"
"20252668000133","ARTHUR OLIVEIRA SILVA - ME"
"05296716000100","SANTO ANDRE PESQUISA DE OPINIAO E MERCADO LTDA  - ME"
"14433837000139","IPCM INSTITUTO DE PESQUISA COMUNICACAO E MARKETING LTDA - ME"
"06972255000100","INSTITUTO NEROPOLINO DE PESQUISA LTDA"
"33403221000160","ERNANDO FERREIRA GOMES LOPES - ME"
"03989742000180","EDIR DE PAIVA BUENO - ME"
"17121731000198","INSTITUTO WORK EIRELI  - ME"
"11604837000166","ADEIDES RODRIGUES PEREIRA - ME"
"23963726000125","J. GONCALVES DA SILVA - ME"
"14853122000135","EMPRESA BRASILEIRA DE PESQUISAS LTDA - ME"
"05281052000105","VEGA PESQUISAS E COMUNICACAO LTDA - ME"
"05850850000100","FORTIORI PESQUISA DIAGNOSTICO & MARKETING LTDA - EPP"
"02678167000131","SERPES PESQUISAS DE OPINIAO E MERCADO LTDA - EPP"
"04913376000148","DINAMICA BRASIL SERVICOS E PROMOTORA DE EVENTOS LTDA - ME"
"14538940000143","ARLETE A. SANDRI DA SILVA PESQUISA CONSULTORIA E MARKTING - ME"
"01096445000180","GRUPOM CONSULTORIA EMPRESARIAL LTDA - EPP"
"15015873000145","DIAGNOSTICO PESQUISAS DE COMPORTAMENTO EIRELI"
"02203834000120","EMPRESA DE PESQUISA DE OPINIAO E MERCADO LTDA - ME"
"24515482000180","G. O. ABRANTES - ME"
"17709386000108","GUINTHER RODRIGUES JUNIOR 03319050192"
"07364626000126","SIGMA CONSULTORIA E PESQUISAS LTDA - ME"
"37025897000118","CAPP O+POSITIVO LTDA - ME"
"00135114000149","CENTRO BRASILEIRO DE PESQUISA LTDA"
"06288268000157","PODIUM CONSULTORIA, MARKETING, PESQUISAS E EDITORACAO LTDA  - ME"
"15484760000199","GK DE OLIVEIRA CORONATO PRODUCOES - ME"
"24761154000164","INTELLIGENCE PESQUISA E MARKETING EIRELI"
"10713151000140","JENIFER KARLA RIBEIRO - ME"
"09078962000138","SIGNATES CONSULTORIA, PESQUISA E EDITORACAO LTDA - EPP"
"13805175000118","CERRADO PESQUISAS E CONSULTORIA LTDA - ME"
"00640214000122","DOZE COMUNICACAO E DIFUSAO LTDA - ME"
"22745325000136","HELIO PEREIRA GOIANO EIRELI - ME"
"19738088000171","PLURAL ASSESSORIA DE IMPRENSA, PESQUISA E JORNALISMO LTDA - ME"
"13024085000190","JOSE MOREIRA DA SILVA II - ME"
"11281620000162","CAE VIDICA MORGAN - ME"
"11941759000195","IPE - INSTITUTO DE PESQUISAS E ESTRATEGIAS LTDA  - ME"
"25158765000185","MOREIRA & NOLETO LTDA - ME"
"15444655000126","MARIA APARECIDA DOS SANTOS 23139978120"
"04038104000146","TOCANTINS MARKET-ANALISE E INVESTIGACAO DE MERCADO LTDA - EPP"
"18409455000120","OPINIAO COMUNICACAO LTDA  - ME"
"25022229000158","EDIMAR DIVINO GOVEIA COMUNICACAO E CIA LTDA - ME"
"11463954000157","K. C. RODRIGUES - ME"
"07397712000135","INSTITUTO CALCULU  S DE JORNALISMO E PESQUISA LTDA - ME"
"09599855000155","CONSTAR SOLUCOES ORGANIZACIONAIS SOCIEDADE CIVIL LTDA - ME"
"01465988000127","FUNDACAO INTEGRADA MUNICIPAL DE ENSINO SUPERIOR"
"11460605000181","ZAAK CONSULTORIA E TREINAMENTO EMPRESARIAL LTDA - ME"
"04161143000136","BOOMERANG PROPAGANDA E MARKETING LTDA - ME"
"07607896000110","VIA APPIA CONSULTORIA E TREINAMENTO EMPRESARIAL LTDA."
"10892795000143","ESCUTEC - PESQUISAS DE MERCADO E DE OPINIAO PUBLICA LTDA. - EPP"
"63581458000100","LINO EMILIANO PRASERES SILVA - EPP"
"14266926000138","INOP - INSTITUTO NACIONAL DE OPINIAO PUBLICA LTDA - ME"
"00905916000190","M R BORGES SERVICOS"
"25240253000163","J M DE NOVAES - ME"
"11159115000140","ECONOMETRICA PESQUISA LTDA"
"17695761000108","INSTITUTO PONTUAR LTDA - ME"
"02348509000155","SONIA MARIA SILVA LIMA - ME"
"05833992000151","M. M. MACHADO SOARES"
"25247281000102","TRES PESQUISAS E SERVICOS LTDA - ME"
"06183431000117","MARCELO MAGALHAES & CIA. LTDA. - ME"
"01338700000153","INST GAUSS DE PESQ SOCIAIS ECON E DE OPINIAO PUB LTDA - ME"
"22889875000129","FABIO MARCELO DE MORAIS BATISTA - ME"
"09255395000148","INTELIGENTE CONSULTORIA E SERVICOS LTDA - ME"
"11186543000161","ROGERIO M. P. MOURA - ME"
"24626976000132","CONSTATMA SERVICOS LTDA - EPP"
"21605479000160","MARCOS AVENILDO FILHO DE AQUINO PINTO 07630330308"
"08334235000121","MIRIAM G DE OLIVEIRA COSTA - ME"
"10320257000184","INSTITUTO PIAUIENSE DE OPINIAO PUBLICA LTDA - EPP"
"09116552000134","MERITA COMERCIO E SERVICOS LTDA - ME"
"19190101000109","OPINAR PESQUISAS LTDA."
"21365064000166","CLAUDENILSON PEREIRA LOPES - ME"
"07837864000101","ADANS ESTATISTICA E CONSULTORIA LTDA - ME"
"14717260000197","C M ALBUQUERQUE JUNIOR - ME"
"10536538000179","J L MARANHAO CHAVES E CIA LTDA  - ME"
"09471067000189","CENSUS - INSTITUTO DE PESQUISAS LTDA - ME"
"05083409000132","MONDEGO E SILVA LTDA - ME"
"10500145000105","FRANCISCO VIEIRA FILHO - ME"
"06196072000132","IMPAR COMUNICACAO LTDA"
"08057107000188","INSTITUTO JALES DE PESQUISA LTDA"
"10601836000103","H. S. NASCIMENTO COMERCIO E SERVICOS - ME"
"09434008000130","PERFIL PESQUISAS DE OPINIAO PUBLICA E CONSULTORIA LTDA - ME"
"24989809000156","INSTANTE INTELIGENCIA DE MERCADO E OPINIAO PUBLICA EIRELI - ME"
"07854132000120","STRATEGYA COMUNICACAO, PUBLICIDADES E EVENTOS LTDA - ME"
"19697832000137","TATICA - CONSULTORIA PESQUISA LTDA - ME"
"67662494000140","INSTITUTO DE PESQUISA REALIDADE S/C LTDA"
"24776969000117","VITORIA COMUNICACAO E ASSESSORIA EMPRESARIAL EIRELI - ME"
"07631467000189","ACCONTECE PUBLICIDADES E EVENTOS LTDA - ME"
"07742623000189","FULL MARKETING E PESQUISAS S/S LTDA - ME"
"18521502000123","CENTRO DE ESTUDOS E CONSULTORIA EM PESQUISA DE MERCADO, MARKETING E COMPORTAMENTO DO CONSUMIDOR LTDA  - ME"
"09656847000101","PAULO ROBERTO DA SILVA CPF:739.662.316-20 - ME"
"09283689000183","SUELI DAS DORES ALMEIDA - ME"
"10335763000147","PRAXIS PESQUISA E MERCADO LTDA - ME"
"22479595000142","PANIS CONSULTORIA PESQUISAS E ESTATISTICA LTDA - ME"
"19090489000168","MDA-PESQUISA DE OPINIAO PUBLICA E CONSULT. ESTATIST. LTDA - EPP"
"23297294000160","PANORAMA COMUNICACAO, PESQUISA E ASSESSORIA LTDA - ME"
"11047803000118","SINFOR - CONSULTORIA E PESQUISA RIO PRETO LTDA. - EPP"
"10962375000196","JOYCE DE ALMEIDA LUCAS - ME"
"06154093000195","MULTIDADOS COMUNICACAO LTDA - ME"
"24365906000178","PEDRO SOARES FRAIHA - ME"
"13714038000178","I9 MINAS ASSESSORIA E COMUNICACAO INTEGRADA LTDA - ME"
"08581382000104","INSTITUTO DE PESQUISA SOBERANO LTDA - ME"
"17070395000100","MULTIDADOS PESQUISA LTDA - ME"
"10741895000179","IMPOM PESQUISAS E INTELIGENCIA COMPETITIVA LTDA - ME"
"23093107000127","FONTES E DADOS - PESQUISAS LTDA  - ME"
"22642565000105","CP2 CONSULTORIA, PESQUISA E PLANEJAMENTO LTDA. - EPP"
"15096871000128","APICE INSTITUTO DE PESQUISAS EIRELI - ME"
"01269029000136","BOAS E BOAS CONSULTORIA E PESQUISAS LTDA - ME"
"00852501000104","VOX OPINIAO PESQUISA E PROJETOS LTDA"
"05611152000144","NOVAS TENDENCIAS INTELIGENCIA DE MERCADO LTDA."
"10962375000277","JOYCE DE ALMEIDA LUCAS"
"16888438000198","M. A. NOGUEIRA - ME"
"04896763000113","GIGA CONSULTORIA LTDA - ME"
"10201684000143","IPEC - INSTITUTO DE PESQUISA E CONSULTORIA LTDA - ME"
"18207340000153","SETAM LIMITADA - ME"
"86849395000117","DATA WORLD PESQUISA E CONSULTORIA S/C. LTDA"
"22445600000104","QUAEST PESQUISAS, CONSULTORIA E PROJETOS LTDA."
"09028982000102","INSTITUTO VER PESQUISA E COMUNICACAO LTDA - EPP"
"07268073000108","SP - SEBRAM PESQUISAS - SERVICOS DE PESQUISAS DE OPINIAO PUBLICA, JORNALISMO, CONSULTORIA E ASSESSORIA S/S LTDA - ME"
"24521629000145","QUANTITATIVA PESQUISAS DE MERCADO E OPINIAO LTDA - ME"
"08695087000170","I9 COMUNICACAO LTDA  - ME"
"07934713000171","EMPRESA JORNALISTICA E IMPRESSOS H EIRELI - ME"
"02866959000130","POLIS PESQUISA EIRELI - EPP"
"18465395000163","EURIPEDES METRAN FERREIRA 19669330106"
"05633719000183","INSTITUTO OLHAR - PESQUISA E INFORMACAO ESTRATEGICA LTDA - EPP"
"07241393000174","RESULTADO PESQUISA E ASSESSORIA LTDA - ME"
"13655801000137","PSQ COMUNICACAO E PESQUISA LTDA - ME"
"65237786000100","DIVIDADOS-INSTITUTO DE PEQUISAS OPINIAO E MERCADO LTDA - ME"
"08326128000151","CONSULTORIA E CAPACITACAO PEDAGOGICA LTDA - ME"
"03866435000101","EMPO - EMPRESA MINEIRA DE PESQUISAS DE OPINIAO E ASSESSORIA LTDA"
"08894976000167","INPAC INSTITUTO DE PESQUISAS APLICADAS E CONSULTORIA LTDA - ME"
"01839311000101","PORTAL - ASSESSORIA E PESQUISA LTDA - ME"
"19137793000113","VOX POPULI MERCADO E OPINIAO LTDA - ME"
"15592807000138","PROJETAR CONSULTORIA E PESQUISA LTDA - ME"
"06118009000188","INSTITUTO DE CONSULTORIA,PESQUISA,OPINIAO E MARKETING LTDA - ME"
"08213867000137","CW7 INSTITUTO DE PESQUISAS LTDA - EPP"
"21886172000184","GERALDO WAGNER DE OLIVEIRA 03051974609"
"11258796000101","DIRETRIZ CONSULTORIA E PESQUISAS LTDA - ME"
"10173519000125","GRM - AGENCIA DE PESQUISA DE OPNIAO PUBLICA E MERCADO LTDA - ME"
"16832830000115","GMR INTELIGENCIA DE MERCADO LTDA - EPP"
"09439489000177","INSTANTE PESQUISA DE OPINIAO PUBLICA E DE MERCADO LTDA - ME"
"10327675000101","ANALYSIS - SOLUCOES EM ESTATISTICA LTDA - ME"
"08253732000103","REDE PESQUISA DE OPINIAO E PLANEJAMENTO S/S LTDA - ME"
"20871551000138","CHRISTIANO INTERAGE LOCACOES E EVENTOS EIRELI - ME"
"01783776000198","INDICE PESQUISAS DO BRASIL LTDA - ME"
"13697811000135","INSTITUTO DE PESQUISA PLURIMUS"
"14026979000181","INSTITUTO DE PESQUISAS E SISTEMAS DE MARKETING LTDA - ME"
"03830371000199","IMAGEM COMUNICACAO E PUBLICIDADE LTDA"
"05394365000161","DATAMG INSTITUTO DE PESQUISAS LTDA"
"22657229000136","G FUTURA ADMINISTRACAO & NEGOCIOS LTDA"
"10383383000188","R & A EDITORA JORNALISTICA LTDA - ME"
"11509901000120","PATRICIO & SILVA LTDA - ME"
"25999377000127","MARCIA CRISTINA DA SILVA ROCHA - ME"
"24314181000199","A.J.UENO INSTITUTO DE PESQUISAS - ME"
"36781946000180","IPEMS INSTITUTO DE PESQUISAS DE MATO GROSSO DO SUL LTDA - ME"
"06026300000126","ATLAS ASSESSORIA E PLANEJAMENTO LTDA - ME"
"09334621000186","ATUALIDADE INSTITUTO DE PESQUISAS LTDA - ME"
"06270812000133","A. F. BARBOSA & CIA. LTDA - ME"
"02943355000140","IBRAPE- INSTITUTO BRASILEIRO PESQUISA OPINIAO PUBL.LTDA"
"13102873000157","VALE-CONSULTORIA E ASSESSORIA LTDA - ME"
"03490620000144","TENDENCIA - PESQUISA DE MERCADO LTDA - EPP"
"26195312000191","QUALITY PESQUISAS E ASSESSORIA EMPRESARIAL EIRELI - ME"
"03683644000110","CONPAR - CONSULTORIA, PESQUISA E PARTICIPACOES S/S LTDA - ME"
"10425289000144","IDEALIS PESQUISA E COMUNICACAO LTDA - ME"
"14255299000130","W E MENDONCA - CONSULTORIA - ME"
"21723728000111","NAIAN LUCAS LOPES 43210882835"
"04996040000196","ANGULO PESQUISAS UMUARAMA LTDA - ME"
"07833088000171","V. C. FRANCISCON - ESTATISTICA E PUBLICIDADES - ME"
"03011668000122","MARK INSTITUTO DE PESQUISA E OPINIAO LTDA - ME"
"10607783000120","M G DA SILVA - ME"
"05099756000153","OSANILDO VILALVA DA MATA"
"10650886000172","MD PESQUISAS LTDA  - ME"
"05260271000108","INSTITUTO TECNOLOGICO DA INFORMACAO S/C - ME"
"09448219000122","GUILHERME UMBELINO DA SILVA - CONSULTORIA - ME"
"13317420000148","REINALDO RIBEIRO - ME"
"06271706000174","ACCESS - PROJETOS, DESENVOLVIMENTO DE SISTEMAS, CONSULTORIA E PESQUISAS LTDA - ME"
"03973340000197","REAL DADOS E PESQUISAS LTDA - ME"
"05023065000176","GAZETA DADOS LTDA - ME"
"03911783000153","IPED - EMPRESA DE PESQUISA, DESENVOLVIMENTO GESTAO E PRESTACAO DE SERVICO LTDA - EPP"
"22329199000139","SONIA MARIA ALVES 52981703900"
"14489061000179","M. P. R. DE SOUZA - PESQUISAS - ME"
"11100635000187","MT DADOS ASSESSORIA E MARKETING LTDA - ME"
"09078182000198","CABIANCHI & SOUZA LTDA - ME"
"06323902000145","MARCIO DEODATO CORREIA - ME"
"16945085000110","JOSE DIAS RAMOS"
"25527347000118","LUAN RICARDO SANTOS DE SOUZA 06230620111"
"23017790000113","MILTON MUSTIFAGA - ME"
"09242998000105","WAGNER R. DE SOUZA - ME"
"24604577000170","CHRISTIAN ANDRE CARVALHO DOS SANTOS 06735969154"
"37498813000163","DURVAL GARCIA DOS REIS PESQUISA E PUBLICIDADE LTDA  - ME"
"19799000000121","F.A.N. TEIXEIRA"
"14048123000107","E. TORMES & CIA LTDA - ME"
"07202498000114","KGM ASSESSORIA INSTITUCIONAL LTDA - EPP"
"19442446000102","JULIANO ALBERT SCHMIDT 00119661144"
"11400305000107","VOICE PESQUISAS E COMUNICACAO LTDA - ME"
"10587479000168","R. M. DA SILVA JUNIOR & CIA LTDA - ME"
"12843917000137","WESLEY ROBSON DA SILVA PEREIRA  - ME"
"24569662000145","CLEBERSON FERNANDES DIAS - ME"
"14638557000167","SELENE PINHEIRO DA SILVA PESQUISAS DE MERCADO E OPINIAO PUBLICA - ME"
"03770346000167","OPEM OPINIAO PUBLICA E MERCADO S/C LTDA"
"02857371000110","STATSOFT SOUTH AMERICA COMERCIO DE SOFTWARE LTDA - EPP"
"26968293000199","H.F.MOLINA COMUNICACAO E PESQUISA - ME"
"08980670000123","INSTITUTO DE DESENVOLVIMENTO ECONOMICO E SOCIAL DA AMAZONIA"
"04216356000118","ALVO MARKETING E PUBLICIDADE LTDA"
"22913911000142","F DA C FERNANDES ALCANTARA EIRELI - EPP"
"83582734000153","BMP-BUREAU DE MARQUETING E PESQUISA LTDA - ME"
"09472061000126","DESTTAQ-INSTITUTO DE PESQUISA GESTAO E MERCADO"
"08286287000170","ANALISE - PESQUISA DE MERCADO LTDA - ME"
"04717077000138","INSTITUTO ACERTAR PESQUISA DE MERCADO E DE OPINIAO PUBLICA LTDA."
"22526278000130","OBJETIVA PESQUISA TREINAMENTO E CONSULTORIA LTDA - EPP"
"11773197000118","INSTITUTO DE PESQUISA DE OPINIAO PUBLICA BRASILEIRA LTDA - ME"
"05255333000185","V. C. H. A. SERVICOS LTDA."
"03724595000116","CONTEXTO - INSTITUTO DE PESQUISA DE MERCADO E OPINIAO LTDA - ME"
"14667295000169","GS NEGOCIOS IMOBILIARIOS LTDA - ME"
"25362320000112","FRANCISCO AIRES DE SOUZA PENIN JUNIOR 68947437204"
"08733243000140","LGLUZ CONSULTORIA E SERVICOS LTDA - EPP"
"16684996000131","JOAO CARLOS MEDEIROS DA SILVA - ME"
"13358105000169","6 SIGMA PESQUISA E CONSULTORIA ESTATISTICA LTDA - ME"
"24681699000160","OPEN DATA ANALYSIS EMPRESA JUNIOR"
"04994119000188","OPINIAO PESQUISAS SOCIAIS LTDA - ME"
"04894292000104","IP4 - INSTITUTO DE PESQUISA QUATRO LTDA - ME"
"05693586000130","A LEONILDE DE OLIVEIRA - ME"
"14861123000121","NAIPE S ASSESSORIA E CONSULTORIA EM MARKETING LTDA"
"09045102000106","CIPEC - CENTRO INTEGRADO DE PESQUISA E COMUNICACAO LTDA - EPP"
"69944171000175","IPEC INSTITUTO DE PESQUISAS CIENTIFICAS DE PERNAMBUCO LTDA - ME"
"09219131000139","METODO PESQUISA E CONSULTORIA LTDA - ME"
"23319818000177","G.A PESQUISA E CONSULTORIA LTDA - ME"
"74331356000144","A . C. PESQUISA E REPRESENTACAO COMERCIAL LTDA. - ME"
"23781574000140","BRASIL VERTICE LTDA - EPP"
"01077145000153","DATAMETRICA CONTACT CENTER LTDA"
"32208779000121","GERP EMPRESA BRASILEIRA DE PESQUISA LTDA. - ME"
"15148785000111","SUPRAMAX COMUNICACAO EIRELI - ME"
"04455153000184","RICARDO ASSIS DE MENEZES - ME"
"10828442000184","OLHO D AGUA DOS BREDOS LTDA - ME"
"13807655000118","INSTITUTO DE PESQUISA MAURICIO DE NASSAU"
"04001758000103","CECAPE-CENTRO DE CAPACITACAO DE PERNAMBUCO"
"05260769000162","SICAD - SERVICOS DE INFORMACOES CADASTRAIS LTDA - ME"
"10569214000137","PRAVDA COMUNICACAO & MARKETING LTDA - ME"
"07608537000188","CENTRO DE TREINAMENTO HUMANO LTDA - ME"
"01503056000121","DATACERTO LTDA - ME"
"23723322000164","MORAIS & DIAS INSTITUTO DE OPINI O P BLICA LTDA  - ME"
"09509214000162","CT-ASSESSORIA CONSULTORIA PROJETOS E PARTICIPACOES LTDA  - ME"
"11454795000124","JOAO MARIA PEREIRA JUNIOR - INFORMATICA - ME"
"04914964000104","REAL PESQUISAS LTDA. - ME"
"19812752000185","IVANI MOTA DE ARAUJO"
"07278993000107","GLAUCO VITAL DA SILVA INSTITUITO DE PESQUISA VISAO - MARKETING E OPINIAO PUBLICA"
"04453641000152","DATASONDA PESQUISAS LTDA - ME"
"13640033000148","M. R. FABRAO - PESQUISA E CONSULTORIA - ME"
"13776203000116","TONKOVITCH & TONKOVITCH PESQUISAS LTDA"
"11371501000109","INSTITUTO MULTICULTURAL LTDA  - ME"
"15644394000198","BRASLOPES PESQUISAS LTDA - ME"
"06195852000168","DATA VOX BRASIL - ASSESSORIA E PESQUISA LTDA - EPP"
"15271808000180","IPP INSTITUTO PARANAENSE DE PESQUISA LTDA - ME"
"05488856000171","I.N.P.E - INSTITUTO NACIONAL DE PESQUISAS E EDITORA LTDA - ME"
"03989764000140","DATACENSO PESQUISAS E TENDENCIAS MERCADOLOGICAS LTDA - EPP"
"10175063000132","IRG CONSULTORIA E PRESTACAO DE SERVICO LTDA - ME"
"20790165000111","DATASONDA MIDIA LTDA - ME"
"72539232000123","GLOBO PESQUISAS LTDA - ME"
"06859792000130","ROBERTO LORENZZON - ME"
"10171274000105","TOLEDO - LEVANTAMENTOS ESTATISTICOS S/S LTDA  - ME"
"04756345000120","LOPES & FALEIRO LTDA - ME"
"17770952000197","DESENVOLVER - GESTAO E PLANEJAMENTO - EIRELI  - ME"
"10213851000176","L DAMAS BOBERG PESQUISAS, CONSULTORIA E PLANEJAMENTO - ME"
"07331137000178","VISAO PESQUISAS DE OPINIAO EIRELI  - ME"
"00481961000165","RADAR INTELIGENCIA - EIRELI"
"02364672000101","GRAFICA E EDITORA VALENTE FARTURA LTDA - ME"
"81273419000119","INSTITUTO EXATTA PESQUISAS S/S LTDA - ME"
"00115187000179","IMAGEM PESQUISA E TREINAMENTO S S LTDA  - ME"
"84782101000151","INSTITUTO BRASIL DE PESQUISAS S/S LTDA - ME"
"85250702000186","INSTITUTO CATARINENSE DE PESQUISAS LTDA - ME"
"04982801000150","A. R. DE MOURA & CIA LTDA - EPP"
"01408365000112","DATACONSULTE PESQUISAS, CONSULTORIA E PLANEJAMENTO LTDA - ME"
"09185766000162","ALO BRASIL PESQUISAS CONSULTORIA E MARKETING LTDA - ME"
"19074650000100","EXCELENCIA PESQUISA E CONSULTORIA LTDA - ME"
"23640478000181","C&J EVENTOS LTDA - EPP"
"15692490000101","GARBIN & FERREIRA LTDA"
"08956501000158","SLH CONSULTORIA E PESQUISA LTDA - ME"
"07177197000188","R. M. MARIATH - SERVICOS DE PROPAGANDA E MARKETING"
"19217115000160","PRO 4 PESQUISA E MIDIA LTDA - ME"
"10683261000107","ULRICH PESQUISA E MARKETING LTDA. - EPP"
"24436087000102","OPINIUN INSTITUTO DE PESQUISA E SERVICOS LTDA - ME"
"19557018000117","AGORA PESQUISA - EIRELI"
"04967411000101","IBPS CONSULTORIA E PESQUISA LTDA - EPP"
"24412771000154","INSTITUTO NOVO - PESQUISA DE OPINIAO E MERCADO LTDA"
"02002581000126","SYSTEME TECHNOLOGY BRASIL PESQUISAS LTDA."
"06968064000167","P. R. BARBOSA MIDIA E PUBLICIDADE LTDA - ME"
"01286233000165","PRECISAO TECNOLOGIA E CONSULTORIA LTDA"
"13807662000110","CITTA PROJETOS E CONSULTORIA LTDA - ME"
"23529695000107","INSTITUTO DE PESQUISA DATA BASEE LTDA"
"10472104000152","FABIO LEANDRO DE ANDRADE PUBLICIDADES - ME"
"05489627000171","CONTEXTO BRASIL ESTUDOS DE COMPORTAMENTO E MERCADO LTDA - ME"
"13320517000100","AGENCIA MIND PESQUISAS E TREINAMENTOS S/S LTDA"
"58625922000174","INSTITUTO MAGNUS DE PESQUISAS LTDA - ME"
"07869280000118","VISAO COMERCIO E SERVICOS DE PESQUISA LTDA"
"02486450000161","JOSE MARCOS DOS SANTOS - ME"
"10634717000149","ORBITAL SUL SERVICOS DE PESQUISAS LTDA - ME"
"24847209000153","LIMA FILHO & CONSULTORIA EIRELI"
"03480760000131","ONG. ORGANIZACAO NAO GOVERNAMENTAL VIDA BRASIL"
"03127619000150","CERTUS PESQUISA E CONSULTORIA EIRELI - EPP"
"10783981000144","SETA INSTITUTO DE PESQUISA LTDA"
"40808743000107","MARCIA CAMARA DE FIGUEIREDO - EPP"
"03427023000175","CARLOS MAGNO MACHADO - ME"
"10307514000148","ERIVALDO TRINDADE DE ARAUJO - ME"
"10572939000184","PREVISAO TECNOLOGIA DA INFORMACAO LTDA - ME"
"07596217000155","FONTE REAL GGE LTDA - ME"
"28780441000172","IHPEC - INSTITUTO HAVERROTH DE POLITICA, ESTATISTICA E COMUNICACAO LTDA."
"09021305000154","F. DA S. RABELLO"
"10735713000157","IIP INSTITUTO DE PESQUISAS LTDA - ME"
"12329007000130","VITORIA PESQUISAS LTDA - ME"
"23793036000175","INSTITUTO PLURAL DE PESQUISAS POLITICAS E SOCIAIS EIRELI - ME"
"10905523000130","FANIELI ABREU - ME"
"19836424000119","A REALIDADE - CONSULTORIA E ESTATISTICA LTDA - ME"
"82883901000133","VORTEX PESQUISAS, CONSULTORIA E SISTEMAS LTDA - ME"
"10749524000133","DANIEL DIAZ & CIA LTDA - ME"
"00853528000103","INSTITUTO METHODUS ANALISE DE MERCADO SOCIEDADE SIMPLES LIMITADA"
"09328809000111","INSTITUTO LJM LTDA - ME"
"02771214000197","LOBO CONSULT RS ASSESSORIA EMPRESARIAL LTDA - ME"
"07318001000128","CASA BRASIL EDITORES LTDA. - ME"
"20018384000187","AMOSTRA INSTITUTO DE PESQUISA LTDA - EPP"
"97552128000108","DIAS DE OLIVEIRA & OLIVEIRA LTDA - EPP"
"09140447000130","ORGANIZACOES FERNANDES LTDA - ME"
"12984353000152","FATIMA APARECIDA SOUZA MAJONE 09204170867"
"02565888000135","QUALIDATA ASSESSORIA ESTRATEGICA LTDA - ME"
"13483729000108","FOCO PESQUISAS & SERVICOS LTDA - ME"
"72113046000128","STUDIO PESQUISAS E CONSULTORIA LTDA. - EPP"
"19731315000137","TULIPA PESQUISAS DE MERCADO E OPINIAO PUBLICA EIRELI"
"94376613000171","AGOSTINHO NICOLINI - ME"
"09271490000135","TORRES EVENTOS LTDA - ME"
"93807485000100","BUREAU - ESCRITORIO DE PESQUISAS MERCADOLOGICAS EIRELI  - ME"
"06195029000152","VERTICE PRODUTORA DE EVENTOS, MARKETING E PESQUISAS LTDA.. - ME"
"17533501000136","CARLOS A. GADEA EIRELI"
"17148279000158","SOLUCAO CONSULTORIA, PESQUISA E GESTAO DE PROJETOS E SERVICOS LTDA"
"22485229000104","GRACA FABIANA RAMOS DOS SANTOS GODINHO - ME"
"25095806000131","LUIS CARLOS ALVES DA MAIA 04964714900"
"07891384000129","EXCELLENCE GESTAO ORGANIZACIONAL LTDA  - ME"
"15836399000112","AXIOMA SERVICOS DE APOIO ADMINISTRATIVO LTDA - ME"
"18237296000124","INCOPE - INSTITUTO CATARINENSE DE OPINIAO PUBLICA E ESTATISTICA LTDA. - EPP"
"07911066000182","ELIAN PERES PEREIRA  - ME"
"14543481000196","GUSTAVO HENRIQUE PEREIRA FLEMMING"
"02603313000160","SINTESE PESQUISA E ASSESSORIA LTDA"
"17988811000145","TENDENCIA - PESQUISA E CONSULTORIA EIRELI - ME"
"04204407000191","SOCIEDADE AVANTIS DE ENSINO E ESCOLA DE AVIACAO CIVIL LTDA"
"00762213000150","FC&V CONSULTORIA S/C - ME"
"05643471000131","DIAGRAMA PUBLICIDADE LTDA"
"83203646000101","MAPA MARKETING E PARTICIPACOES LTDA - EPP"
"09256171000150","IPC - INSTITUTO DE PESQUISA CATARINENSE LTDA - EPP"
"84307974000102","FUNDACAO UNIVERSIDADE DO VALE DO ITAJAI"
"06956108000139","MARIA APARECIDA DOS SANTOS BERTOL - ME"
"83067108000129","HGS PESQUISA E ASSESSORIA LTDA - ME"
"14346094000160","FELIPE ONISTO"
"83649830000171","ASSOCIACAO BENEFICENTE DA INDUSTRIA CARBONIFERA DE SANTA CATARINA (SATC)"
"04611126000153","IPAC INSTITUTO DE PESQUISA , ASSESSORIA E CONSULTORIA LTDA"
"08537916000197","RUAN PESQUISA DE MERCADO E ASSESSORIA EM GESTAO EMPRESARIAL LTDA  - ME"
"01120038000160","ON LINE INFORMACOES DE MERCADO LTDA - ME"
"23148627000190","ALO SERGIPE CONSULTORIA, ASSESSORIA, PUBLICIDADE E MARKETING EIRELI - ME"
"03817479000141","UNIDADE DE INFORMACAO, PESQUISA E CONSULTORIA LTDA - EPP"
"25276625000101","EXOGENIA CONSULTORIA E ESTATISTICA EIRELI - ME"
"16502103000190","A B SANTOS - ME"
"12451031000148","ANDREA P. P. GUIMARAES - PESQUISAS DE MARKETING - ME"
"09253251000152","GERALDO DENISON COSTA VIANA JUNIOR - EPP"
"09315824000125","INSTITUTO SOMA DE PESQUISA DE OPINIAO PUBLICA EIRELI  - ME"
"11068083000177","MARCIO ROGERIO PEREIRA GOMES - ME"
"20813593000112","A Y TANAKA PESQUISA E CONSULTORIA ESTATISTICA - ME"
"22767769000172","BOM DIA RIO PRETO - COMUNICACOES LTDA - ME"
"02789166000164","M R COMUNICACAO E MARKETING LTDA - ME"
"24699726000122","DATA ALPHA PESQUISAS DE OPINIAO EIRELI"
"03155494000171","M.A.S -OPINIAO & PESQUISA S/S LTDA - ME"
"73988917000110","OPINIAO PESQUISA ANALISE E CONSULTORIA LTDA - EPP"
"09470150000133","IPAT - INSTITUTO DE PESQUISAS A TRIBUNA LTDA - EPP"
"11262311000145","F. L. S. - PESQUISA, ASSESSORIA E MARKETING LTDA."
"08145759000174","TOLEDO CAMPOS EDITORA E COMUNICACAO LTDA - ME"
"08488158000164","PREVIEW CONSULTORIA EM PUBLICIDADE POLITICA E ESTATISTICA LTDA - EPP"
"11071053000110","BERNARDES & COZER COMUNICACAO LTDA"
"20269631000118","COZER & BERNARDES PUBLICIDADES LTDA - ME"
"14275315000156","ERICA REGINA ANALISE & PESQUISA LTDA - ME"
"26049818000192","AMANDA DE SOUSA ALVES OLIVEIRA EIRELI - ME"
"66996380000174","PAULISTA JUNIOR PROJETOS & CONSULTORIA"
"02456213000158","DATAVALE PESQUISAS, COMUNICACOES E SISTEMAS LTDA - EPP"
"61709838000143","IOPPM - INSTITUTO DE OPINIAO PUBLICA E PESQUISA DE MERCADO LTDA"
"25348249000113","ALEXANDRE SOCRATES NAVISKAS - ME"
"09334545000109","ANDREIA RAFAEL PUBLICIDADE, PESQUISA E NOTICIAS - ME"
"61466926000161","ELIANA MARIA MAZZA CORREA - ME"
"07421264000168","EDITORA VIEIRA AIRES LTDA - ME"
"18886742000121","DADO PESQUISA E CONSULTORIA LTDA - EPP"
"12330462000156","QUANTY INSTITUTO DE PESQUISAS DE OPINIAO PUBLICA LTDA"
"07495584000162","G 6 PRODUTORA DE AUDIO E VIDEO LTDA - ME"
"05358902000118","INSTITUTO DE PESQUISA SOROCABANO LTDA - EPP"
"08716449000162","MEMENTO CONSULTORIA, ASSESSORIA DE IMPRENSA E TRADUCAO LTDA"
"18372420000164","INTERATIVA PESQUISAS EIRELI - ME"
"10221548000115","V2 PESQUISA E ANALISE DE MERCADO LTDA  - ME"
"13098271000173","POLO PESQUISAS E ASSESSORIA LTDA - ME"
"96508015000134","LIMITE CONSULTORIA E PESQUISAS DE MARKETING LTDA"
"16623147000178","DGABC PESQUISAS LTDA."
"02383506000152","ASSOCIACAO BRASILEIRA DE DEFESA E FOMENTO DOS VALORES DA PERSONALIDADE HUMANA"
"05584301000123","G. A. C. SCANDIUZI MARKETING LTDA"
"09263232000107","JET-PUBLICIDADE E PESQUISAS FERNANDOPOLIS LTDA - ME"
"24977635000101","REGIAO OESTE PESQUISAS & EDITORA LTDA - EPP"
"11671785000140","METROPOLE PESQUISA, GESTAO E COMUNICACAO LTDA  - ME"
"12034597000174","CRUZ CONSULTING - PESQUISAS DE MERCADO E OPINIAO PUBLICA LTDA - ME"
"21053343000194","JOSE CARLOS DE OLIVEIRA CAMPOS - ME"
"13641227000168","GOMES E LIMA CONSULTORIA E PESQUISA LTDA - ME"
"60249448000175","ENGRACIA GARCIA CONSULTORIA E PESQUISA LTDA"
"05104718000141","INSTITUTO KAIROS"
"66990367000108","DATAPRESS INSTITUTO DE PESQUISA, COMUNICACAO E PUBLICIDADE LTDA - ME"
"04116046000121","STATSOL SOLUCOES ESTATISTICAS E PESQUISA DE MERCADO S/S LTDA - EPP"
"09424019000130","TCT - COLETA E PROCESSAMENTO DE DADOS LTDA - ME"
"22223618000153","ATITUDE & ESTRATEGIA PESQUISAS LTDA - ME"
"03596747000142","UNIAO CULTURAL E EDUCACIONAL PANAMERICANA (UNIPANAMERICANA)"
"59966069000117","W.S.N ASSESSORIA E PESQUISAS ESTATISTICAS S/S LTDA - EPP"
"62292602000117","ENFOQUE ASSESSORIA DE COMUNICACAO INTEGRADA LTDA - ME"
"13633001000115","JEO BRASIL PESQUISA, MARKETING COMUNICACAO & PROJETOS LTDA - EPP"
"11285330000197","GD TELECOMUNICACOES LTDA - ME"
"00561773000147","IOPEQ-INSTITUTO DE OPINIAO PUBLICA,ESTATISTICA E QUALIDADE LTDA - EPP"
"96479001000130","ART PRO MARKET E EDITORA LTDA"
"20210728000155","COOPERATIVA PAULISTA DE TRABALHOS ESTATISTICOS E SIMILARES - COOPEREST"
"03915509000152","PROPAGARE DIGITAL ESTRATEGIAS E COMUNICACAO SOCIAL - EIRELI"
"30226551000139","CLAUDIONOR ROBERTO CHICHETTO"
"07385910000189","ROSY PAULA RESPLANDE BENICIO"
"13306192000100","OCCUR COMUNICACOES E TECNOLOGIA - EIRELI"
"24778776000103","A. C. FILHO MARKETING DE PROPAGANDA POLITICA EIRELI - ME"
"11345721000150","ASSOCIACAO PROJ ETO DE REPRES DE APREND INCENTIVO ARTISTICO E CULTURAL DO BICO"
"24340197000176","B I P DA COSTA MARKETING PESQUISA E COMUNICACAO LTDA - ME"
"14085358000179","MACIEL & REIS LTDA  - ME"
"29842579000111","REAL TIME BIG DATA GESTAO DE DADOS LTDA."
"23254436000102","VOX DO BRASIL PESQUISAS E PARTICIPACOES LTDA"
"17159578000198","M B BARROS CONSULTORIA LTDA - ME"
"22267969000166","M P VALIN EIRELI"
"09045102000106","CIPEC - CENTRO INTEGRADO DE PESQUISA E COMUNICACAO LTDA"
"26742291000187","GUIMARAES PESQUISAS E CONSULTORIA LTDA"
"81908345000140","INSTITUTO PARANA DE PESQUISAS E ANALISE DE CONSUMIDOR LTDA"
"10599874000160","DIGITOP PUBLICIDADE & MARKETING LTDA"
"25240253000163","DATAILHA ESPECIALISTA EM PESQUISAS DE MERCADO E DE OPINIAO PUBLICA LTDA"
"00794068000270","VIRTU ANALISE E ESTRATEGIA LTDA."
"04270642000161","IPSOS BRASIL PESQUISAS DE MERCADO LTDA"
"02501289000158","OPINIAO CONSULTORIA LTDA"
"11077560000160","IPRI INSTITUTO DE PESQUISA DE REPUTACAO E IMAGEM LTDA"
"04857350000120","OPINIAO - PESQUISA E CONSULTORIA TECNICA LTDA"
"09415165000107","GOVNET PESQUISA E TECNOLOGIA DA INFORMACAO LTDA"
"29550908000150","DATAPODER360 PESQUISAS, JORNALISMO E COMUNICACAO LTDA"
"18605544000142","VERTUDE LTDA."
"20815824000127","MARCIO BARTOLOMEU AZEVEDO DA COSTA"
"19381669000107","MESEEMS SERVICOS DE INTELIGENCIA DE MERCADO LTDA"
"13293860000102","GRAN PRIME DESENVOLVIMENTO E EDUCACAO LTDA"
"05850850000100","FORTIORI PESQUISA, DIAGNOSTICO & MARKETING EIRELI"
"26958708000143","LUANA RAQUEL MARQUES PEREIRA MARTINS"
"00081933000150","VETOR ASSESSORIA E PESQUISA DE MERCADO E DE OPINIAO PUBLICA LTDA"
"10575983000148","DATAMETRICA PESQUISA DE OPINIAO E CONSULTORIA LTDA"
"47985577000163","ASSOCIACAO DO COMERCIO E INDUSTRIA DE FRANCA"
"17541189000122","HC 7 CONSULTORIA E ASSESSORIA DE IMPRENSA - EIRELI"
"10175843000182","INSTITUTO DE PESQUISAS PERFIL LTDA"
"24899123000174","WILLAN DE FRANCA SILVA"
"15625058000106","SOUSA & LUCENA LTDA"
"31231776000146","SUA SOLUCAO WEB LTDA"
"00850844000121","DADOS PESQUISA OPINIAO & MERCADO EIRELI"
"00189806000170","LUPI ASSOCIADOS PESQUISA E MARKETING LTDA"
"07556296000170","INSTITUTO QUEST DE PESQUISAS LTDA"
"13845495000100","IFT.COM EDITORACAO ELETRONICA LTDA"
"31027789000106","INSTITUTUM SUR GENTIS DE PESQUISA E CONSULTORIA LTDA"
"12158914000164","INSTITUTO SOLEIL DE PESQUISA E EDUCACAO LTDA"
"24259964000117","ELEITOR DIGITAL CONSULTORIA E SERVICOS LTDA"
"26300595000194","QUANTIMAIS CONSULTORIA LTDA"
"20503000000111","DATTAMARKETING LTDA"
"03622028000159","FUTURA CONSULTORIA E ASSESSORIA LTDA"
"00565157000164","FLEXCONSULT LTDA"
"28504695000168","BRAND CONSULTORIA E GESTAO EIRELI"
"17311348000100","MX LOAD LTDA"
"12675533000152","LUPA PESQUISAS E PROJETOS LTDA"
"10892795000143","ESCUTEC - PESQUISAS DE MERCADO E DE OPNIAO PUBLICA EIRELI"
"17166399000188","ESTRATEGIAS CONFIRMA PESQUISA E COMERCIO LTDA  - ME"
"23340485000168","DATA NEWS BRASIL OPNIAO PESQUISA E CONSULTORIA LTDA"
"24089028000105","PEREIRA & COELHO CONSULTORIA LTDA"
"01269029000136","BOAS E BOAS CONSULTORIA E PESQUISAS EIRELI"
"11785871000184","INSTITUTO RANKING DE PESQUISAS LTDA"
"10544202000158","PERCENT PESQUISA DE MERCADO E OPINIAO LTDA"
"06271706000174","ACCESS - PROJETOS, DESENVOLVIMENTO DE SISTEMAS, CONSULTORIA E PESQUISAS LTDA"
"22469946000134","JOSE ELIAS PEREIRA NETO 05661875401"
"09471067000189","CENSUS - INSTITUTO DE PESQUISAS LTDA"
"84782101000151","INSTITUTO BRASIL DE PESQUISAS S/S LTDA"
"23529695000107","INSTITUTO DE PESQUISA DATA BASE E ESTATISTICA LTDA"
"24250779000161","LOTTUS CONSULTORIA PESQUISAS E MARKETING EIRELI"
"10735713000157","IIP INSTITUTO DE PESQUISAS LTDA"
"29160690000128","ALAILSON PEREIRA MODESTO"
"01648876000101","PADRAO PESQUISAS CIENTIFICAS LTDA. - ME"
"03155494000171","M.A.S -OPINIAO & PESQUISA S/S LTDA"
"21902281000148","STEPHSON KIM NUNES GUIMARAES 01350006106"
